Tytul,Cena_Surowa,Link
Kawalerka ul. Pomorska/Kamińskiego1 400 zł,1 400 zł,https://www.olx.pl/d/oferta/kawalerka-ul-pomorska-kaminskiego-CID3-ID1ak1Vx.html?search_reason=search%7Cpromoted
DOSTEPNE OD ZARAZ.  Wynajmij Nowoczesny apartament 2-pokojowy z balkonem w centrum Łodzi!2 400 zł,2 400 zł,https://www.olx.pl/d/oferta/dostepne-od-zaraz-wynajmij-nowoczesny-apartament-2-pokojowy-z-balkonem-w-centrum-lodzi-CID3-ID123DXU.html?search_reason=search%7Cpromoted
"RENTAROOM.PL ENG RUS Manufaktura,ASP ul.Reja1 900 zł",1 900 zł,https://www.olx.pl/d/oferta/rentaroom-pl-eng-rus-manufaktura-asp-ul-reja-CID3-ID19BNRs.html?search_reason=search%7Cpromoted
Mieszkanie/kawalerka do wynajęcia ul. Wólczańska 188a - bezpośrednio2 100 zł,2 100 zł,https://www.olx.pl/d/oferta/mieszkanie-kawalerka-do-wynajecia-ul-wolczanska-188a-bezposrednio-CID3-ID1a93vD.html?search_reason=search%7Corganic
Kawalerka Narutowicza1 400 zł,1 400 zł,https://www.olx.pl/d/oferta/kawalerka-narutowicza-CID3-ID1aejzr.html?search_reason=search%7Corganic
"Sprawdź, zobacz, zachwyć się i wynajmij od zaraz hit na Pabianickiej  4/152 000 zł",2 000 zł,https://www.olx.pl/d/oferta/sprawdz-zobacz-zachwyc-sie-i-wynajmij-od-zaraz-hit-na-pabianickiej-4-15-CID3-ID1agQ9x.html?search_reason=search%7Corganic
Wynajem mieszkania2 400 zł,2 400 zł,https://www.olx.pl/d/oferta/wynajem-mieszkania-CID3-ID1ag98S.html?search_reason=search%7Corganic
Przestrona kawalerka  w spokojnej okolicy Łodź Widzew/ Nowosolna1 200 zł,1 200 zł,https://www.olx.pl/d/oferta/przestrona-kawalerka-w-spokojnej-okolicy-lodz-widzew-nowosolna-CID3-ID1af1Ii.html?search_reason=search%7Corganic
"Kawalerka w nowym apartamentowcu przy ul. 6 Sierpnia 42, blisko UMED2 000 zł",2 000 zł,https://www.olx.pl/d/oferta/kawalerka-w-nowym-apartamentowcu-przy-ul-6-sierpnia-42-blisko-umed-CID3-ID1a97oq.html?search_reason=search%7Corganic
Jak to mowią prawdziwi starzy górale „pzyjdź i zakochoj się na zabój” na Pabianickiej 4/121 550 zł,1 550 zł,https://www.olx.pl/d/oferta/jak-to-mowia-prawdziwi-starzy-gorale-pzyjdz-i-zakochoj-sie-na-zaboj-na-pabianickiej-4-12-CID3-ID1agQx0.html?search_reason=search%7Corganic
Wynajmę mieszkanie dwupokojowe przy parku Julianowskim Łódź-Bałuty2 000 zł,2 000 zł,https://www.olx.pl/d/oferta/wynajme-mieszkanie-dwupokojowe-przy-parku-julianowskim-lodz-baluty-CID3-ID1ag6Pu.html?search_reason=search%7Corganic
Przytulne mieszkanie w centrum miasta2 000 zł,2 000 zł,https://www.olx.pl/d/oferta/przytulne-mieszkanie-w-centrum-miasta-CID3-ID1a99BR.html?search_reason=search%7Corganic
Kawalerka 32m2 Łódź Karolew BEZ PROWIZJI po gen. remoncie KLIMA1 900 zł,1 900 zł,https://www.olx.pl/d/oferta/kawalerka-32m2-lodz-karolew-bez-prowizji-po-gen-remoncie-klima-CID3-ID1af7Pc.html?search_reason=search%7Corganic
"RENTAROOM.PL ENG RUS studio centrum Piotrkowska,Politechnika ul.Żwirki1 200 zł",1 200 zł,https://www.olx.pl/d/oferta/rentaroom-pl-eng-rus-studio-centrum-piotrkowska-politechnika-ul-zwirki-CID3-ID1a5a2m.html?search_reason=search%7Cpromoted
Mieszkanie 2-pokojowe z ogródkiem2 600 zł,2 600 zł,https://www.olx.pl/d/oferta/mieszkanie-2-pokojowe-z-ogrodkiem-CID3-ID19d4hD.html?search_reason=search%7Cpromoted
Wynajmę bezpośrednio dwupiętrowy apartament Tymienieckiego 25 C4 000 zł,4 000 zł,https://www.olx.pl/d/oferta/wynajme-bezposrednio-dwupietrowy-apartament-tymienieckiego-25-c-CID3-ID19z08M.html?search_reason=search%7Cpromoted
Wynajmij nowoczesne 1-pokojowe mieszkanie1 550 zł,1 550 zł,https://www.otodom.pl/pl/oferta/wynajmij-nowoczesne-1-pokojowe-mieszkanie-ID4ANci
Dwupoziomowe Mieszkanie dla VIP-a ! We Speak English4 250 zł,4 250 zł,https://www.olx.pl/d/oferta/dwupoziomowe-mieszkanie-dla-vip-a-we-speak-english-CID3-ID1a3kx5.html?search_reason=search%7Corganic
Wynajmę nowa  kawalerkę Wysoka 24 Łódź1 800 zł,1 800 zł,https://www.olx.pl/d/oferta/wynajme-nowa-kawalerke-wysoka-24-lodz-CID3-ID1a8kyK.html?search_reason=search%7Corganic
Mieszkanie do wynajęcia Łódź-Bałuty Doły1 300 zł,1 300 zł,https://www.olx.pl/d/oferta/mieszkanie-do-wynajecia-lodz-baluty-doly-CID3-ID1a64V1.html?search_reason=search%7Corganic
NOWA! Kawalerka 19m2 od ZARAZ! BEZ POŚREDNIKÓW!!!1 700 zł,1 700 zł,https://www.otodom.pl/pl/oferta/nowa-kawalerka-19m2-od-zaraz-bez-posrednikow-ID4B3Lm
Kawalerka na Złotnie z miejscem parkingowym1 350 zł,1 350 zł,https://www.olx.pl/d/oferta/kawalerka-na-zlotnie-z-miejscem-parkingowym-CID3-ID1afQhP.html?search_reason=search%7Corganic
"Łódź Dąbrowa, ul. Rydla 7A – 2 pokoje z balkonem w super standardzie2 100 zł",2 100 zł,https://www.olx.pl/d/oferta/lodz-dabrowa-ul-rydla-7a-2-pokoje-z-balkonem-w-super-standardzie-CID3-ID1ag545.html?search_reason=search%7Corganic
Studio w pobliżu umed1 300 zł,1 300 zł,https://www.otodom.pl/pl/oferta/studio-w-poblizu-umed-ID4AITt.html
Stylowy 2 pokojowy apartament w sercu miasta - bezpośrednio2 100 zł,2 100 zł,https://www.otodom.pl/pl/oferta/stylowy-2-pokojowy-apartament-w-sercu-miasta-bezposrednio-ID4AotS.html
Nowe 2 pokojowe z miejscem parkingowy | Teofilów2 100 zł,2 100 zł,https://www.otodom.pl/pl/oferta/nowe-2-pokojowe-z-miejscem-parkingowy-teofilow-ID4AC7T
Piękna kawalerka po remoncie przy Łódź Fabryczna1 700 zł,1 700 zł,https://www.otodom.pl/pl/oferta/piekna-kawalerka-po-remoncie-przy-lodz-fabryczna-ID4qCAz
Mieszkanie na wynajem ul. Tatrzańska1 300 zł,1 300 zł,https://www.olx.pl/d/oferta/mieszkanie-na-wynajem-ul-tatrzanska-CID3-ID1ajJbx.html?search_reason=search%7Cpromoted
"mieszkanie 1 pokojowe, duża kawalerka, ul. Piotrkowska 182, Manhattan1 500 zł",1 500 zł,https://www.olx.pl/d/oferta/mieszkanie-1-pokojowe-duza-kawalerka-ul-piotrkowska-182-manhattan-CID3-ID17V7th.html?search_reason=search%7Cpromoted
Kawalerka na wynajem | 30 m² | klimatyzacja1 600 zł,1 600 zł,https://www.otodom.pl/pl/oferta/kawalerka-na-wynajem-30-m-klimatyzacja-ID4AFCp.html
Super Mieszkanie na wynajem2 900 zł,2 900 zł,https://www.olx.pl/d/oferta/super-mieszkanie-na-wynajem-CID3-ID1ahu6o.html?search_reason=search%7Corganic
Nowe Nigdy nie zamieszkałe mieszkanie w centrum - od Właściciela1 900 zł,1 900 zł,https://www.olx.pl/d/oferta/nowe-nigdy-nie-zamieszkale-mieszkanie-w-centrum-od-wlasciciela-CID3-ID19IW09.html?search_reason=search%7Corganic
"RENTAROOM.PL ENG RUS studio centrum Piotrkowska,Politechnika ul.Żwirki1 200 zł",1 200 zł,https://www.olx.pl/d/oferta/rentaroom-pl-eng-rus-studio-centrum-piotrkowska-politechnika-ul-zwirki-CID3-ID1a5a2m.html?search_reason=search%7Corganic
"Wynajmę Nowe Mieszkanie plus Garaż, 2 pokoje, ul. Telefoniczna, Łódź2 490 złdo negocjacji",2 490 złdo negocjacji,https://www.olx.pl/d/oferta/wynajme-nowe-mieszkanie-plus-garaz-2-pokoje-ul-telefoniczna-lodz-CID3-ID19KjJE.html?search_reason=search%7Corganic
Kawalerka w centrum Łodzi1 300 zł,1 300 zł,https://www.otodom.pl/pl/oferta/kawalerka-w-centrum-lodzi-ID4B35h
Atrakcyjne mieszkanie z antresolą przy Filmówce | Parking | Centrum2 300 złdo negocjacji,2 300 złdo negocjacji,https://www.olx.pl/d/oferta/atrakcyjne-mieszkanie-z-antresola-przy-filmowce-parking-centrum-CID3-ID1aba1A.html?search_reason=search%7Corganic
Nowoczesna Kawalerka | Pets Friendly | Bezpośrednio | Kilińskiego1 550 zł,1 550 zł,https://www.otodom.pl/pl/oferta/nowoczesna-kawalerka-pets-friendly-bezposrednio-kilinskiego-ID4AOJQ
Wynajmę 2 pokojowe mieszkanie w bloku w dzielnicy Łódź-Górna1 500 zł,1 500 zł,https://www.olx.pl/d/oferta/wynajme-2-pokojowe-mieszkanie-w-bloku-w-dzielnicy-lodz-gorna-CID3-ID1affrA.html?search_reason=search%7Corganic
Dwa pokoje z aneksem kuchennym bezposrednio2 190 zł,2 190 zł,https://www.olx.pl/d/oferta/dwa-pokoje-z-aneksem-kuchennym-bezposrednio-CID3-ID1a0t52.html?search_reason=search%7Corganic
kawalerka do wynajęcia Łódź Zarzew1 500 zł,1 500 zł,https://www.olx.pl/d/oferta/kawalerka-do-wynajecia-lodz-zarzew-CID3-ID19eFLA.html?search_reason=search%7Cpromoted
Wynajmę- ładne mieszkanie na ul. Narutowicza - przy radiostacji.1 700 zł,1 700 zł,https://www.olx.pl/d/oferta/wynajme-ladne-mieszkanie-na-ul-narutowicza-przy-radiostacji-CID3-ID1abDOc.html?search_reason=search%7Cpromoted
2 pokoje ul. Rąbieńska 492 000 zł,2 000 zł,https://www.otodom.pl/pl/oferta/2-pokoje-ul-rabienska-49-ID4AEte
"Mieszkanie 62m2 , 3 pokoje Łódź ul.Chełmońskiego ,wysoki standard z garażem3 180 zł",3 180 zł,https://www.olx.pl/d/oferta/mieszkanie-62m2-3-pokoje-lodz-ul-chelmonskiego-wysoki-standard-z-garazem-CID3-ID19LNuD.html?search_reason=search%7Corganic
Piękna  kawalerka 32m2 w nowym apartamentowcu2 050 zł,2 050 zł,https://www.olx.pl/d/oferta/piekna-kawalerka-32m2-w-nowym-apartamentowcu-CID3-ID1albXX.html?search_reason=search%7Corganic
"Wynajmę mieszkanie Łódź - Śródmieście, ul. Nawrot 481 900 zł",1 900 zł,https://www.otodom.pl/pl/oferta/wynajme-mieszkanie-lodz-srodmiescie-ul-nawrot-48-ID4ATdR
Bez prowizji | Jasna umowa | Zwierzolubne | Doskonała lokalizacja1 550 zł,1 550 zł,https://www.otodom.pl/pl/oferta/bez-prowizji-jasna-umowa-zwierzolubne-doskonala-lokalizacja-ID4B0rw
Franciszkańska Place - Mieszkania Na Wynajem! Bezpośrednio!1 999 zł,1 999 zł,https://www.otodom.pl/pl/oferta/franciszkanska-place-mieszkania-na-wynajem-bezposrednio-ID4zQSp
"Piękne kawalerki do pierwszego zamieszkania, ul. Legionów | CENTRUM1 290 zł",1 290 zł,https://www.otodom.pl/pl/oferta/piekne-kawalerki-do-pierwszego-zamieszkania-ul-legionow-centrum-ID4ALBy
RENTAROOM.PL ENG RUS Manufaktura kawalerka ul.Lutomierska1 700 zł,1 700 zł,https://www.olx.pl/d/oferta/rentaroom-pl-eng-rus-manufaktura-kawalerka-ul-lutomierska-CID3-ID18puGq.html?search_reason=search%7Corganic
Piękno i praktyczne wyposażenie idą razem w parze na Żeligowskiego 42/49a1 600 zł,1 600 zł,https://www.olx.pl/d/oferta/piekno-i-praktyczne-wyposazenie-ida-razem-w-parze-na-zeligowskiego-42-49a-CID3-ID1agQPR.html?search_reason=search%7Corganic
Wygodne 2 rozkładowe pokoje na Bałutach1 600 zł,1 600 zł,https://www.otodom.pl/pl/oferta/wygodne-2-rozkladowe-pokoje-na-balutach-ID4B0wk
Kawalerka w pobliżu Manufaktury po generalnym remoncie | Legionów 771 400 zł,1 400 zł,https://www.otodom.pl/pl/oferta/kawalerka-w-poblizu-manufaktury-po-generalnym-remoncie-legionow-77-ID4A2fX
Apartament Łódź Śródmieście 3 pokoje 30 m2 taras3 200 zł,3 200 zł,https://www.olx.pl/d/oferta/apartament-lodz-srodmiescie-3-pokoje-30-m2-taras-CID3-ID1a04rJ.html?search_reason=search%7Cpromoted
Wynajmę mieszkanie dwupokojowe przy parku Julianowskim Łódź-Bałuty2 000 zł,2 000 zł,https://www.olx.pl/d/oferta/wynajme-mieszkanie-dwupokojowe-przy-parku-julianowskim-lodz-baluty-CID3-ID1ag6Pu.html?search_reason=search%7Cpromoted
Doskonała lokalizacja | Bez prowizji | Wyposażone2 840 zł,2 840 zł,https://www.otodom.pl/pl/oferta/doskonala-lokalizacja-bez-prowizji-wyposazone-ID4AYgw
Nowoczesna kawalerka na Teofilowie1 300 zł,1 300 zł,https://www.otodom.pl/pl/oferta/nowoczesna-kawalerka-na-teofilowie-ID4B0wm
"Wyszyńskiego, nowoczesna kawalerka po remoncie1 400 zł",1 400 zł,https://www.otodom.pl/pl/oferta/wyszynskiego-nowoczesna-kawalerka-po-remoncie-ID4ATcv
"Wynajmę nowoczesne mieszkanie pow. 59,85 m2.  Rąbieńska 602 600 złdo negocjacji",2 600 złdo negocjacji,https://www.olx.pl/d/oferta/wynajme-nowoczesne-mieszkanie-pow-59-85-m2-rabienska-60-CID3-ID19eKKe.html?search_reason=search%7Corganic
Nowo wyremontowana kawalerka1 650 zł,1 650 zł,https://www.olx.pl/d/oferta/nowo-wyremontowana-kawalerka-CID3-ID1afmKX.html?search_reason=search%7Corganic
Duże przestronne mieszkanie na Chojnach1 800 zł,1 800 zł,https://www.olx.pl/d/oferta/duze-przestronne-mieszkanie-na-chojnach-CID3-ID196b2H.html?search_reason=search%7Corganic
mieszkanie 2 - pokojowe na wynajem2 500 złdo negocjacji,2 500 złdo negocjacji,https://www.olx.pl/d/oferta/mieszkanie-2-pokojowe-na-wynajem-CID3-ID18Tqxt.html?search_reason=search%7Corganic
Nowoczesne mieszkanie w centrum Łódź ul Drewnowska2 100 zł,2 100 zł,https://www.otodom.pl/pl/oferta/nowoczesne-mieszkanie-w-centrum-lodz-ul-drewnowska-ID4ATda
2 pokoje na wynajem w Centrum2 000 zł,2 000 zł,https://www.otodom.pl/pl/oferta/2-pokoje-na-wynajem-w-centrum-ID4A9YE
"Piękne mieszkanie z balkonem i osobną sypialnią, przy OFF i Parku2 100 zł",2 100 zł,https://www.otodom.pl/pl/oferta/piekne-mieszkanie-z-balkonem-i-osobna-sypialnia-przy-off-i-parku-ID4A5C3
Cudowne Nowe Mieszkanie w Centrum Łodzi Ul. 1 Maja Wysoki Standard HIT1 900 zł,1 900 zł,https://www.olx.pl/d/oferta/cudowne-nowe-mieszkanie-w-centrum-lodzi-ul-1-maja-wysoki-standard-hit-CID3-ID19ab6r.html?search_reason=search%7Corganic
"Kawalerka 27 m. osiedleŻubardz , niedaleko do Manufaktury1 300 złdo negocjacji",1 300 złdo negocjacji,https://www.olx.pl/d/oferta/kawalerka-27-m-osiedlezubardz-niedaleko-do-manufaktury-CID3-ID1aa0nq.html?search_reason=search%7Cpromoted
"Do wynajęcia komfortowe, 2-pokojowe mieszkanie z balkonem2 200 zł",2 200 zł,https://www.olx.pl/d/oferta/do-wynajecia-komfortowe-2-pokojowe-mieszkanie-z-balkonem-CID3-ID19mREM.html?search_reason=search%7Cpromoted
kawalerka z antresolą w stylu loftowym1 500 zł,1 500 zł,https://www.olx.pl/d/oferta/kawalerka-z-antresola-w-stylu-loftowym-CID3-ID19lb58.html?search_reason=search%7Cpromoted
"Łódź Śródmieście, FUZJA, klimatyzacja, widok na patio, garaż2 500 zł",2 500 zł,https://www.otodom.pl/pl/oferta/lodz-srodmiescie-fuzja-klimatyzacja-widok-na-patio-garaz-ID4wVt6
Wynajme mieszkanie1 700 zł,1 700 zł,https://www.olx.pl/d/oferta/wynajme-mieszkanie-CID3-ID19XmQk.html?search_reason=search%7Corganic
Przestronna kawalerka | Bałuty | idealna dla singla lub pary1 400 zł,1 400 zł,https://www.otodom.pl/pl/oferta/przestronna-kawalerka-baluty-idealna-dla-singla-lub-pary-ID4B2vv
Przytulna kawalerka blisko Politechniki i Sukcesji1 375 zł,1 375 zł,https://www.otodom.pl/pl/oferta/przytulna-kawalerka-blisko-politechniki-i-sukcesji-ID4Aftt
Komfortowe Mieszkanie na Retkini2 000 zł,2 000 zł,https://www.otodom.pl/pl/oferta/komfortowe-mieszkanie-na-retkini-ID4bcNL.html
"M2 Ul. Wileńska Retkinia ,blisko Centrum1 200 zł",1 200 zł,https://www.otodom.pl/pl/oferta/m2-ul-wilenska-retkinia-blisko-centrum-ID4x6EX
Dwa pokoje nieprzechodnie - wysoki standard nowe budownictwo2 600 zł,2 600 zł,https://www.olx.pl/d/oferta/dwa-pokoje-nieprzechodnie-wysoki-standard-nowe-budownictwo-CID3-ID11TJVV.html?search_reason=search%7Corganic
Mieszkanie z antresolą Lutomierska 162 SLLOW LOFT2 200 zł,2 200 zł,https://www.otodom.pl/pl/oferta/mieszkanie-z-antresola-lutomierska-162-sllow-loft-ID4bQtf
Do wynajęcia dwupokojowe na Dołach1 550 zł,1 550 zł,https://www.olx.pl/d/oferta/do-wynajecia-dwupokojowe-na-dolach-CID3-ID17IJgq.html?search_reason=search%7Corganic
Mieszkanie / Duża Kawalerka 37m2 Łódź Włókniarzy1 150 złdo negocjacji,1 150 złdo negocjacji,https://www.olx.pl/d/oferta/mieszkanie-duza-kawalerka-37m2-lodz-wlokniarzy-CID3-ID19tR77.html?search_reason=search%7Corganic
Kawalerka do wynajęcia1 500 zł,1 500 zł,https://www.olx.pl/d/oferta/kawalerka-do-wynajecia-CID3-ID1alq3H.html?search_reason=search%7Cpromoted
"Mieszkanie 62m2 , 3 pokoje Łódź ul.Chełmońskiego ,wysoki standard z garażem3 180 zł",3 180 zł,https://www.olx.pl/d/oferta/mieszkanie-62m2-3-pokoje-lodz-ul-chelmonskiego-wysoki-standard-z-garazem-CID3-ID19LNuD.html?search_reason=search%7Cpromoted
"Wynajmę mieszkanie 2 pokoje Dąbrowskiego 99, parter 38 m2 po remoncie1 750 zł",1 750 zł,https://www.olx.pl/d/oferta/wynajme-mieszkanie-2-pokoje-dabrowskiego-99-parter-38-m2-po-remoncie-CID3-ID17Y0jD.html?search_reason=search%7Cpromoted
"Nowe mieszkania- Łodź-Centrum, ul. Tuwima 491 200 zł",1 200 zł,https://www.olx.pl/d/oferta/nowe-mieszkania-lodz-centrum-ul-tuwima-49-CID3-IDWd46D.html?search_reason=search%7Corganic
"Nowy, przestronny apartament blisko centrum2 500 zł",2 500 zł,https://www.olx.pl/d/oferta/nowy-przestronny-apartament-blisko-centrum-CID3-ID1aa5o1.html?search_reason=search%7Corganic
"Wynajem mieszkanie 29 m2, Bałuty,  , ul. Julianowska1 200 zł",1 200 zł,https://www.olx.pl/d/oferta/wynajem-mieszkanie-29-m2-baluty-ul-julianowska-CID3-ID1a8iME.html?search_reason=search%7Corganic
Mieszkanie 3 pokojowe Piotrkowska Balkon Parking3 100 zł,3 100 zł,https://www.olx.pl/d/oferta/mieszkanie-3-pokojowe-piotrkowska-balkon-parking-CID3-ID19QEeD.html?search_reason=search%7Corganic
Słoneczne mieszkanie Łódź Teofilów2 200 zł,2 200 zł,https://www.otodom.pl/pl/oferta/sloneczne-mieszkanie-lodz-teofilow-ID4AUuf
Wynajem - 2 pokoje + ogródek + garaż2 300 zł,2 300 zł,https://www.otodom.pl/pl/oferta/wynajem-2-pokoje-ogrodek-garaz-ID4z0Wh
Doskonała lokalizacja | Bez prowizji | Wyposażone2 840 zł,2 840 zł,https://www.otodom.pl/pl/oferta/doskonala-lokalizacja-bez-prowizji-wyposazone-ID4AYgw
Fuzja | Mieszkanie Typu Studio | 30 M2 | 4 Piętro | Balkon1 850 zł,1 850 zł,https://www.otodom.pl/pl/oferta/fuzja-mieszkanie-typu-studio-30-m2-4-pietro-balkon-ID4vxpO.html
Przytulne mieszkanie na Teofilowie - REZERWACJA1 600 zł,1 600 zł,https://www.otodom.pl/pl/oferta/przytulne-mieszkanie-na-teofilowie-rezerwacja-ID4ADBr.html
Nowoczesny apartament na Osiedlu Agosto!2 200 zł,2 200 zł,https://www.otodom.pl/pl/oferta/nowoczesny-apartament-na-osiedlu-agosto-ID4AkqJ
Piękno i praktyczne wyposażenie idą razem w parze na Żeligowskiego 42/49a1 600 zł,1 600 zł,https://www.olx.pl/d/oferta/piekno-i-praktyczne-wyposazenie-ida-razem-w-parze-na-zeligowskiego-42-49a-CID3-ID1agQPR.html?search_reason=search%7Cpromoted
"Super mieszkanie, 120 m².  duże5 500 zł",5 500 zł,https://www.olx.pl/d/oferta/super-mieszkanie-120-m-duze-CID3-ID1a0F0F.html?search_reason=search%7Cpromoted
"Nowe mieszkania- Łodź-Centrum, ul. Tuwima 491 200 zł",1 200 zł,https://www.olx.pl/d/oferta/nowe-mieszkania-lodz-centrum-ul-tuwima-49-CID3-IDWd46D.html?search_reason=search%7Cpromoted
Komfortowe mieszkanie przy ul. Żwirki2 500 zł,2 500 zł,https://www.olx.pl/d/oferta/komfortowe-mieszkanie-przy-ul-zwirki-CID3-ID1a1FiO.html?search_reason=search%7Corganic
Mieszkanie 2 pokoje SPORNA / Wojska Polskiego Łódź1 800 zł,1 800 zł,https://www.olx.pl/d/oferta/mieszkanie-2-pokoje-sporna-wojska-polskiego-lodz-CID3-ID1aiBzy.html?search_reason=search%7Corganic
Do wynajęcia trzypokojowe mieszkanie w apartamentowcu przy ul. Matejki 11.2 700 zł,2 700 zł,https://www.olx.pl/d/oferta/do-wynajecia-trzypokojowe-mieszkanie-w-apartamentowcu-przy-ul-matejki-11-CID3-ID1a6Llo.html?search_reason=search%7Corganic
"2-pokojowe mieszkanie na wynajem, Łódź, Telefoniczna2 350 zł",2 350 zł,https://www.olx.pl/d/oferta/2-pokojowe-mieszkanie-na-wynajem-lodz-telefoniczna-CID3-ID1aaYF0.html?search_reason=search%7Corganic
WYNAJEM Mieszkania1 800 zł,1 800 zł,https://www.olx.pl/d/oferta/wynajem-mieszkania-CID3-ID19VNJN.html?search_reason=search%7Corganic
Oddam w Dobre Ręce1 600 zł,1 600 zł,https://www.olx.pl/d/oferta/oddam-w-dobre-rece-CID3-ID1afoLX.html?search_reason=search%7Corganic
2 pokoje ul. Rąbieńska 492 000 zł,2 000 zł,https://www.otodom.pl/pl/oferta/2-pokoje-ul-rabienska-49-ID4AEte
Umeblowane mieszkanie w ciekawej lokalizacji1 600 zł,1 600 zł,https://www.otodom.pl/pl/oferta/umeblowane-mieszkanie-w-ciekawej-lokalizacji-ID4AOz8.html
Przytulna niezależna kawalerka w zrewitalizowanym budynku!1 150 zł,1 150 zł,https://www.otodom.pl/pl/oferta/przytulna-niezalezna-kawalerka-w-zrewitalizowanym-budynku-ID4Aed8
2 pokoje po remoncie na zielonym Teofilowie2 000 zł,2 000 zł,https://www.olx.pl/d/oferta/2-pokoje-po-remoncie-na-zielonym-teofilowie-CID3-ID1ajhYb.html?search_reason=search%7Corganic
Wynajmę Studio kawalerka ul. Kopernika 45 Speak Eng1 200 zł,1 200 zł,https://www.olx.pl/d/oferta/wynajme-studio-kawalerka-ul-kopernika-45-speak-eng-CID3-ID19VdKp.html?search_reason=search%7Cpromoted
"Mieszkanie M2 - Łódź - Sterlinga ,wynajem1 500 zł",1 500 zł,https://www.olx.pl/d/oferta/mieszkanie-m2-lodz-sterlinga-wynajem-CID3-ID18lyyx.html?search_reason=search%7Cpromoted
***PREMIUM* Kawalerka z balkonem przy Filmówce1 900 zł,1 900 zł,https://www.olx.pl/d/oferta/premium-kawalerka-z-balkonem-przy-filmowce-CID3-ID1a6v2P.html?search_reason=search%7Cpromoted
2 pokoje po remoncie na zielonym Teofilowie2 000 zł,2 000 zł,https://www.olx.pl/d/oferta/2-pokoje-po-remoncie-na-zielonym-teofilowie-CID3-ID1ajhYb.html?search_reason=search%7Corganic
przytulne jednopokojowe mieszkanie na Bałutach1 600 zł,1 600 zł,https://www.otodom.pl/pl/oferta/przytulne-jednopokojowe-mieszkanie-na-balutach-ID4hNVH
"Kawalerka Legionów, do pierwszego zamieszkania | MANUFAKTURA centrum1 370 zł",1 370 zł,https://www.otodom.pl/pl/oferta/kawalerka-legionow-do-pierwszego-zamieszkania-manufaktura-centrum-ID4ApbK
"Przestronna kawalerka na wynajem, 40m2, Kilińskiego 121 ""ILUMINO""2 150 zł",2 150 zł,https://www.olx.pl/d/oferta/przestronna-kawalerka-na-wynajem-40m2-kilinskiego-121-ilumino-CID3-ID19sbDe.html?search_reason=search%7Corganic
"Kawalerka Czerwony Rynek, ul. Łączna, Widok na panoramę miasta1 150 zł",1 150 zł,https://www.olx.pl/d/oferta/kawalerka-czerwony-rynek-ul-laczna-widok-na-panorame-miasta-CID3-ID1ajIQF.html?search_reason=search%7Corganic
WYNAJEM MIESZKANIA | Łódź Bałuty | 25 m² \ z ogródkiem1 600 zł,1 600 zł,https://www.olx.pl/d/oferta/wynajem-mieszkania-lodz-baluty-25-m-z-ogrodkiem-CID3-ID1aeTdF.html?search_reason=search%7Corganic
Apartamentowiec W Śródmieściu! Wysoki Standard Z Balkonem! Winda1 900 zł,1 900 zł,https://www.otodom.pl/pl/oferta/apartamentowiec-w-srodmiesciu-wysoki-standard-z-balkonem-winda-ID4AdnI.html
Studio w centrum miasta1 500 zł,1 500 zł,https://www.otodom.pl/pl/oferta/studio-w-centrum-miasta-ID4AITd.html
2 pokoje z balkonem | ul. Łagiewnicka / Wawelska | Stare Bałuty1 850 zł,1 850 zł,https://www.olx.pl/d/oferta/2-pokoje-z-balkonem-ul-lagiewnicka-wawelska-stare-baluty-CID3-ID19vKTw.html?search_reason=search%7Corganic
[ul. Aleksandrowska 12a] Teofilów - Kawalerka 26m2 [Kaucja 500 pln]1 500 zł,1 500 zł,https://www.olx.pl/d/oferta/ul-aleksandrowska-12a-teofilow-kawalerka-26m2-kaucja-500-pln-CID3-ID1a9C3N.html?search_reason=search%7Corganic
Kawalerka ul. Pomorska/Kamińskiego1 400 zł,1 400 zł,https://www.olx.pl/d/oferta/kawalerka-ul-pomorska-kaminskiego-CID3-ID1ak1Vx.html?search_reason=search%7Cpromoted
kawalerka przy ul. Legionów 751 100 zł,1 100 zł,https://www.olx.pl/d/oferta/kawalerka-przy-ul-legionow-75-CID3-ID1aeoUi.html?search_reason=search%7Cpromoted
2 pokoje 31m Retkinia z pięknym widokiem1 990 zł,1 990 zł,https://www.olx.pl/d/oferta/2-pokoje-31m-retkinia-z-pieknym-widokiem-CID3-ID19txBw.html?search_reason=search%7Cpromoted
"Mieszkanie, Łódź1 150 zł",1 150 zł,https://www.otodom.pl/pl/oferta/-ID4ufuV.html
Nowoczesne mieszkanie do wynajęcia 66m2 Olechów3 000 zł,3 000 zł,https://www.otodom.pl/pl/oferta/nowoczesne-mieszkanie-do-wynajecia-66m2-olechow-ID4i8GI
Na wynajem 2pok. mieszkanie na Milionowej 8 z klimatyzacją2 500 zł,2 500 zł,https://www.olx.pl/d/oferta/na-wynajem-2pok-mieszkanie-na-milionowej-8-z-klimatyzacja-CID3-ID1a1Bpl.html?search_reason=search%7Corganic
Na wynajem 2pok. mieszkanie na Milionowej 8 z klimatyzacją2 500 zł,2 500 zł,https://www.olx.pl/d/oferta/na-wynajem-2pok-mieszkanie-na-milionowej-8-z-klimatyzacja-CID3-ID1a1Bic.html?search_reason=search%7Corganic
Gotowe do wprowadzenia 2 pokoje na Widzewie!!2 000 zł,2 000 zł,https://www.otodom.pl/pl/oferta/gotowe-do-wprowadzenia-2-pokoje-na-widzewie-ID4AUIT
Mieszkanie na wynajem1 700 złdo negocjacji,1 700 złdo negocjacji,https://www.olx.pl/d/oferta/mieszkanie-na-wynajem-CID3-ID1af1xr.html?search_reason=search%7Corganic
"Nowe, komfortowe mieszkanie do wynajęcia - 45 m²2 600 zł",2 600 zł,https://www.otodom.pl/pl/oferta/nowe-komfortowe-mieszkanie-do-wynajecia-45-m-ID4AMBj
! Nowa cena! Apartament dla wymagających_56m² w Centrum Łodzi2 300 zł,2 300 zł,https://www.olx.pl/d/oferta/nowa-cena-apartament-dla-wymagajacych-56m-w-centrum-lodzi-CID3-ID19DidI.html?search_reason=search%7Corganic
"Łódź, Bałuty, ul. Drewnowska, apartament wynajmę1 800 zł",1 800 zł,https://www.otodom.pl/pl/oferta/lodz-baluty-ul-drewnowska-apartament-wynajme-ID4Aqxz
"Kompaktowe mieszkanie 2 pokojowe, ul. Legionów/Gdańska | CENTRUM MANU1 930 zł",1 930 zł,https://www.otodom.pl/pl/oferta/kompaktowe-mieszkanie-2-pokojowe-ul-legionow-gdanska-centrum-manu-ID4ALzO
Wynajmę- ładne mieszkanie na ul. Narutowicza - przy radiostacji.1 700 zł,1 700 zł,https://www.olx.pl/d/oferta/wynajme-ladne-mieszkanie-na-ul-narutowicza-przy-radiostacji-CID3-ID1abDOc.html?search_reason=search%7Cpromoted
"Łódź Dąbrowa, ul. Rydla 7A – 2 pokoje z balkonem w super standardzie2 100 zł",2 100 zł,https://www.olx.pl/d/oferta/lodz-dabrowa-ul-rydla-7a-2-pokoje-z-balkonem-w-super-standardzie-CID3-ID1ag545.html?search_reason=search%7Cpromoted
"Wynajmę mieszkanie 3 pokojowe  w Łodzi , ul Tatrzańska 74/762 200 zł",2 200 zł,https://www.olx.pl/d/oferta/wynajme-mieszkanie-3-pokojowe-w-lodzi-ul-tatrzanska-74-76-CID3-ID19hSxf.html?search_reason=search%7Cpromoted
Przestronne rodzinne mieszkanie na Janowie2 900 zł,2 900 zł,https://www.otodom.pl/pl/oferta/przestronne-rodzinne-mieszkanie-na-janowie-ID4l1vP
"RENTAROOM.PL ENG RUS studio z balkonem,Manufaktura ul.Lutomierska1 500 zł",1 500 zł,https://www.olx.pl/d/oferta/rentaroom-pl-eng-rus-studio-z-balkonem-manufaktura-ul-lutomierska-CID3-ID19903O.html?search_reason=search%7Corganic
Przytulna kawalerka przy Legionów1 350 zł,1 350 zł,https://www.olx.pl/d/oferta/przytulna-kawalerka-przy-legionow-CID3-ID1afSsh.html?search_reason=search%7Corganic
2-pokojowe mieszkanie z balkonem Łódź Kaliska 9 piętro zamknięte osiedle2 200 zł,2 200 zł,https://www.olx.pl/d/oferta/2-pokojowe-mieszkanie-z-balkonem-lodz-kaliska-9-pietro-zamkniete-osiedle-CID3-ID1aeGkB.html?search_reason=search%7Corganic
Nowoczesne 2 pokojowe mieszkanie | Niski Czynsz | Centrum1 990 zł,1 990 zł,https://www.otodom.pl/pl/oferta/nowoczesne-2-pokojowe-mieszkanie-niski-czynsz-centrum-ID4xEGZ
Mieszkanie 52 m2 ul. Rzgowska1 700 zł,1 700 zł,https://www.otodom.pl/pl/oferta/mieszkanie-52-m2-ul-rzgowska-ID4B1m9
Mieszkanie w centrum miasta.2 300 zł,2 300 zł,https://www.otodom.pl/pl/oferta/mieszkanie-w-centrum-miasta-ID4z5zp
"[Rezerwacja] kawalerka wolna od zaraz, bez pośredników, CO1 250 zł",1 250 zł,https://www.olx.pl/d/oferta/rezerwacja-kawalerka-wolna-od-zaraz-bez-posrednikow-co-CID3-ID19miYk.html?search_reason=search%7Corganic
Przytulne mieszkanie na Wysockiego2 700 zł,2 700 zł,https://www.olx.pl/d/oferta/przytulne-mieszkanie-na-wysockiego-CID3-ID17NdwK.html?search_reason=search%7Corganic
Studio w Centrum - blisko Uniwersytetów1 500 zł,1 500 zł,https://www.olx.pl/d/oferta/studio-w-centrum-blisko-uniwersytetow-CID3-ID1acWGv.html?search_reason=search%7Corganic
"Wynajmę nowoczesne mieszkanie pow. 59,85 m2.  Rąbieńska 602 600 złdo negocjacji",2 600 złdo negocjacji,https://www.olx.pl/d/oferta/wynajme-nowoczesne-mieszkanie-pow-59-85-m2-rabienska-60-CID3-ID19eKKe.html?search_reason=search%7Cpromoted
Studio w Centrum - blisko Uniwersytetów1 500 zł,1 500 zł,https://www.olx.pl/d/oferta/studio-w-centrum-blisko-uniwersytetow-CID3-ID1acWGv.html?search_reason=search%7Cpromoted
RENTAROOM.PL ENG RUS Manufaktura kawalerka ul.Lutomierska1 700 zł,1 700 zł,https://www.olx.pl/d/oferta/rentaroom-pl-eng-rus-manufaktura-kawalerka-ul-lutomierska-CID3-ID18puGq.html?search_reason=search%7Cpromoted
Kawalerka na zamkniętym osiedlu z przypisanym miejscem parkingowym1 799 zł,1 799 zł,https://www.otodom.pl/pl/oferta/kawalerka-na-zamknietym-osiedlu-z-przypisanym-miejscem-parkingowym-ID4AHqG
2‑pokojowe mieszkanie przy Parku Legionów1 600 zł,1 600 zł,https://www.otodom.pl/pl/oferta/2pokojowe-mieszkanie-przy-parku-legionow-ID4AoiI
"Wygodna kawalerka 34 mkw z balkonem - Czerwony Rynek, na wynajem1 200 zł",1 200 zł,https://www.olx.pl/d/oferta/wygodna-kawalerka-34-mkw-z-balkonem-czerwony-rynek-na-wynajem-CID3-ID1alytS.html?search_reason=search%7Corganic
Mieszkanie do wynajęcia - 3 pokoje Retkinia2 000 zł,2 000 zł,https://www.olx.pl/d/oferta/mieszkanie-do-wynajecia-3-pokoje-retkinia-CID3-ID1akFd0.html?search_reason=search%7Corganic
"Przytulna kawalerka Łódź Bałuty, ul. Lutomierska 160, dostępna od zaraz.1 400 zł",1 400 zł,https://www.olx.pl/d/oferta/przytulna-kawalerka-lodz-baluty-ul-lutomierska-160-dostepna-od-zaraz-CID3-ID1a2i9d.html?search_reason=search%7Corganic
"Wynajem, nowe stylowe mieszkanie -  Lofty Tymienieckiego 13B2 300 zł",2 300 zł,https://www.olx.pl/d/oferta/wynajem-nowe-stylowe-mieszkanie-lofty-tymienieckiego-13b-CID3-ID183TSQ.html?search_reason=search%7Corganic
Wynajme pokoj od zaraz ul Elsnera1 100 zł,1 100 zł,https://www.olx.pl/d/oferta/wynajme-pokoj-od-zaraz-ul-elsnera-CID3-ID1a7gce.html?search_reason=search%7Corganic
Wynajem 2 pokoje Łódź Dąbrowa1 500 zł,1 500 zł,https://www.olx.pl/d/oferta/wynajem-2-pokoje-lodz-dabrowa-CID3-ID1aatAU.html?search_reason=search%7Corganic
Wynajmę bezpośrednio kawalerkę w centrum Łodzi - Kilińskiego 161 500 zł,1 500 zł,https://www.olx.pl/d/oferta/wynajme-bezposrednio-kawalerke-w-centrum-lodzi-kilinskiego-16-CID3-ID1a3JmI.html?search_reason=search%7Corganic
Piękna kawalerka po remoncie przy Łódź Fabryczna1 700 zł,1 700 zł,https://www.otodom.pl/pl/oferta/piekna-kawalerka-po-remoncie-przy-lodz-fabryczna-ID4qCAz
"Wynajmę nowoczesne mieszkanie pow. 59,85 m2.  Rąbieńska 602 600 złdo negocjacji",2 600 złdo negocjacji,https://www.olx.pl/d/oferta/wynajme-nowoczesne-mieszkanie-pow-59-85-m2-rabienska-60-CID3-ID19eKKe.html?search_reason=search%7Cpromoted
RENTAROOM.PL ENG RUS Manufaktura kawalerka ul.Lutomierska1 700 zł,1 700 zł,https://www.olx.pl/d/oferta/rentaroom-pl-eng-rus-manufaktura-kawalerka-ul-lutomierska-CID3-ID18puGq.html?search_reason=search%7Cpromoted
"Apartament, WYSOKI STANDARD, 27m ul. Widzewska, bezpośrednio, parking1 990 zł",1 990 zł,https://www.olx.pl/d/oferta/apartament-wysoki-standard-27m-ul-widzewska-bezposrednio-parking-CID3-ID17nMqs.html?search_reason=search%7Cpromoted
"Pabianicka 35, Górna, przytulne studio, BRAK PROWIZJI1 150 zł",1 150 zł,https://www.olx.pl/d/oferta/pabianicka-35-gorna-przytulne-studio-brak-prowizji-CID3-ID1aibX7.html?search_reason=search%7Corganic
Mieszkanie z parkingiem. ul. Zachodnia 891 900 zł,1 900 zł,https://www.olx.pl/d/oferta/mieszkanie-z-parkingiem-ul-zachodnia-89-CID3-ID19jARc.html?search_reason=search%7Corganic
Apartament Premium FUZJA | 3 pokoje + taras 35 m²6 900 zł,6 900 zł,https://www.otodom.pl/pl/oferta/apartament-premium-fuzja-3-pokoje-taras-35-m-ID4zJfo
"Piękne, nowoczesne mieszkanie 2 pokojowe ul. Zagraniczna 1 | GÓRNA2 450 zł",2 450 zł,https://www.otodom.pl/pl/oferta/piekne-nowoczesne-mieszkanie-2-pokojowe-ul-zagraniczna-1-gorna-ID4AMtY
"Luksusowe studio Manufaktura,Centrum,Balkon!1 800 zł",1 800 zł,https://www.otodom.pl/pl/oferta/luksusowe-studio-manufaktura-centrum-balkon-ID4ALFF.html
Po remoncie kawalerka na Dołach 40m21 400 zł,1 400 zł,https://www.otodom.pl/pl/oferta/po-remoncie-kawalerka-na-dolach-40m2-ID4AOUE.html
przytulna kawalerka w centrum z klimatyzacją1 650 zł,1 650 zł,https://www.otodom.pl/pl/oferta/przytulna-kawalerka-w-centrum-z-klimatyzacja-ID4ARz9
"Komfortowe 2-pokojowe w centrum, miejsce parkingowe, bezpośrednio2 650 zł",2 650 zł,https://www.olx.pl/d/oferta/komfortowe-2-pokojowe-w-centrum-miejsce-parkingowe-bezposrednio-CID3-ID19dtqw.html?search_reason=search%7Corganic
Nowoczesne 2 pokoje | Taras na dachu | Fitness | Blisko Piotrkowskiej2 100 zł,2 100 zł,https://www.otodom.pl/pl/oferta/nowoczesne-2-pokoje-taras-na-dachu-fitness-blisko-piotrkowskiej-ID4ASj3
"Do wynajecia nowe 2pokoje Bałuty, okolice Ronda Solidarności2 100 zł",2 100 zł,https://www.olx.pl/d/oferta/do-wynajecia-nowe-2pokoje-baluty-okolice-ronda-solidarnosci-CID3-ID1abmXC.html?search_reason=search%7Corganic
Mieszkanie/kawalerka do wynajęcia ul. Wólczańska 188a - bezpośrednio2 100 zł,2 100 zł,https://www.olx.pl/d/oferta/mieszkanie-kawalerka-do-wynajecia-ul-wolczanska-188a-bezposrednio-CID3-ID1a93vD.html?search_reason=search%7Cpromoted
2 pokoje 41m2 blisko UMED Akademii Muzycznej Manufaktura2 000 zł,2 000 zł,https://www.olx.pl/d/oferta/2-pokoje-41m2-blisko-umed-akademii-muzycznej-manufaktura-CID3-ID1a6T64.html?search_reason=search%7Cpromoted
"Wynajmę słoneczne mieszkanie 38m2 Rojna, Teofilów, Łódź1 500 zł",1 500 zł,https://www.olx.pl/d/oferta/wynajme-sloneczne-mieszkanie-38m2-rojna-teofilow-lodz-CID3-ID1agchi.html?search_reason=search%7Cpromoted
komfortowe M-42 700 zł,2 700 zł,https://www.otodom.pl/pl/oferta/komfortowe-m-4-ID41QNd
Studio w centum Łodzi ul.Nawrot1 550 zł,1 550 zł,https://www.otodom.pl/pl/oferta/studio-w-centum-lodzi-ul-nawrot-ID4APPn.html
"Kawalerki ul. Legionów/Zachodnia, idealne dla studentów | CENTRUM1 250 zł",1 250 zł,https://www.otodom.pl/pl/oferta/kawalerki-ul-legionow-zachodnia-idealne-dla-studentow-centrum-ID4ALyN
Apartamentowiec W Śródmieściu! Wysoki Standard Z Balkonem! Winda.1 900 zł,1 900 zł,https://www.otodom.pl/pl/oferta/apartamentowiec-w-srodmiesciu-wysoki-standard-z-balkonem-winda-ID4AdnC.html
Do wynajęcia 2-pok. mieszkanie w inwestycji przy ul. Mickiewicza 4.2 500 zł,2 500 zł,https://www.olx.pl/d/oferta/do-wynajecia-2-pok-mieszkanie-w-inwestycji-przy-ul-mickiewicza-4-CID3-ID1a6M6t.html?search_reason=search%7Corganic
"Mieszkanie, Łódź2 500 zł",2 500 zł,https://www.otodom.pl/pl/oferta/-ID4xouf
Wynajem mieszkania Łódź2 400 zł,2 400 zł,https://www.olx.pl/d/oferta/wynajem-mieszkania-lodz-CID3-ID1aijf5.html?search_reason=search%7Corganic
Dwupokojowe mieszkanie z pełnym wyposażeniem blisko Manufaktury1 900 zł,1 900 zł,https://www.otodom.pl/pl/oferta/dwupokojowe-mieszkanie-z-pelnym-wyposazeniem-blisko-manufaktury-ID4B2sf
"Piękne, wyremontowane mieszkanie na Bałutach2 400 zł",2 400 zł,https://www.otodom.pl/pl/oferta/piekne-wyremontowane-mieszkanie-na-balutach-ID4AEHL
Słoneczne mieszkanie przy ul. Romanowskiej1 650 zł,1 650 zł,https://www.olx.pl/d/oferta/sloneczne-mieszkanie-przy-ul-romanowskiej-CID3-ID1afYFB.html?search_reason=search%7Corganic
Komfortowy apartament w centrum2 200 zł,2 200 zł,https://www.olx.pl/d/oferta/komfortowy-apartament-w-centrum-CID3-ID1ajQNs.html?search_reason=search%7Cpromoted
"Przestronna, słoneczna kawalerka w doskonałej lokalizacji1 100 zł",1 100 zł,https://www.olx.pl/d/oferta/przestronna-sloneczna-kawalerka-w-doskonalej-lokalizacji-CID3-ID1acjGG.html?search_reason=search%7Cpromoted
Wynajmę mieszkanie dwupokojowe przy ulicy Morcinka w Łodzi.1 850 zł,1 850 zł,https://www.olx.pl/d/oferta/wynajme-mieszkanie-dwupokojowe-przy-ulicy-morcinka-w-lodzi-CID3-ID1aiOhB.html?search_reason=search%7Cpromoted
Piętro domu do wynajęcia1 500 zł,1 500 zł,https://www.otodom.pl/pl/oferta/pietro-domu-do-wynajecia-ID4zQ4t.html
Wynajmę mieszkanie - kawalerkę1 900 złdo negocjacji,1 900 złdo negocjacji,https://www.olx.pl/d/oferta/wynajme-mieszkanie-kawalerke-CID3-ID19EdBD.html?search_reason=search%7Corganic
Mieszkanie 3-pokojowe z balkonem.3 550 zł,3 550 zł,https://www.otodom.pl/pl/oferta/mieszkanie-3-pokojowe-z-balkonem-ID4APes
"Apartament, mieszkanie przy ul. Matejki 11, garaż, komórka2 000 zł",2 000 zł,https://www.otodom.pl/pl/oferta/apartament-mieszkanie-przy-ul-matejki-11-garaz-komorka-ID4mMTn.html
2 pokoje 40 m2 - BEZPOŚREDNIO- OD ZARAZ!!!2 500 zł,2 500 zł,https://www.otodom.pl/pl/oferta/2-pokoje-40-m2-bezposrednio-od-zaraz-ID4AMa5
Nowoczesna kawalerka w centrum Łodzi – idealna dla singla lub pary!1 250 zł,1 250 zł,https://www.otodom.pl/pl/oferta/nowoczesna-kawalerka-w-centrum-lodzi-idealna-dla-singla-lub-pary-ID4A67k
"Mieszkanie na wynajem w Łodzi, blisko parku i manufaktury.1 750 zł",1 750 zł,https://www.otodom.pl/pl/oferta/mieszkanie-na-wynajem-w-lodzi-blisko-parku-i-manufaktury-ID4B0Jy
Klimatyzowane studio z tarasem - FUZJA1 950 zł,1 950 zł,https://www.otodom.pl/pl/oferta/klimatyzowane-studio-z-tarasem-fuzja-ID4ARYa
Ładne mieszkanie z balkonem i CO przy Manufakturze1 750 zł,1 750 zł,https://www.otodom.pl/pl/oferta/ladne-mieszkanie-z-balkonem-i-co-przy-manufakturze-ID4AMIC
"3 pokoje, parking, 48m2, ul.Franciszkańska1 700 zł",1 700 zł,https://www.otodom.pl/pl/oferta/3-pokoje-parking-48m2-ul-franciszkanska-ID4AKLc
! ! ! SZOK ! ! ! 42m2 ŚCISŁE CENTRUM - 42m2 od 01.05.20261 699 zł,1 699 zł,https://www.olx.pl/d/oferta/szok-42m2-scisle-centrum-42m2-od-01-05-2026-CID3-IDPlsZe.html?search_reason=search%7Cpromoted
"Mieszkanie 1-pokojowe na Górnej do odświeżenia/remontu, 2 piętro900 zł",900 zł,https://www.otodom.pl/pl/oferta/mieszkanie-1-pokojowe-na-gornej-do-odswiezenia-remontu-2-pietro-ID4AGk4
Mieszkanie z parkingiem. ul. Zachodnia 891 900 zł,1 900 zł,https://www.olx.pl/d/oferta/mieszkanie-z-parkingiem-ul-zachodnia-89-CID3-ID19jARc.html?search_reason=search%7Cpromoted
Wynajmę przestronną kawalerkę na ładnym osiedlu - okolice Manufaktury!1 600 zł,1 600 zł,https://www.otodom.pl/pl/oferta/wynajme-przestronna-kawalerke-na-ladnym-osiedlu-okolice-manufaktury-ID4AImR.html
Klimatyczne i funkcjonalne mieszkanie 2 pokoje z antresolą2 500 zł,2 500 zł,https://www.otodom.pl/pl/oferta/klimatyczne-i-funkcjonalne-mieszkanie-2-pokoje-z-antresola-ID4ABGR
Nowoczesne kawalerki ul. Legionów | STUDENCI PRACUJĄCY CENTRUM POLESIE1 400 zł,1 400 zł,https://www.otodom.pl/pl/oferta/nowoczesne-kawalerki-ul-legionow-studenci-pracujacy-centrum-polesie-ID4ALCM
Kawalerka po Remoncie BALKON - Aleksandrowska1 750 zł,1 750 zł,https://www.olx.pl/d/oferta/kawalerka-po-remoncie-balkon-aleksandrowska-CID3-ID1adch8.html?search_reason=search%7Corganic
Jasne dwupokojowe mieszkanie na wynajem (pokoje nieprzechodnie!)2 100 złdo negocjacji,2 100 złdo negocjacji,https://www.olx.pl/d/oferta/jasne-dwupokojowe-mieszkanie-na-wynajem-pokoje-nieprzechodnie-CID3-ID1aly0g.html?search_reason=search%7Corganic
Help Desk 24h | Bez ukrytych kosztów | Przyjazne zwierzętom1 690 zł,1 690 zł,https://www.otodom.pl/pl/oferta/help-desk-24h-bez-ukrytych-kosztow-przyjazne-zwierzetom-ID4AYhY
Wynajem mieszkania1 350 zł,1 350 zł,https://www.olx.pl/d/oferta/wynajem-mieszkania-CID3-ID1alxLz.html?search_reason=search%7Corganic
3 pokoje w Centrum | Klimatyzacja2 950 zł,2 950 zł,https://www.otodom.pl/pl/oferta/3-pokoje-w-centrum-klimatyzacja-ID4AFlb
"Słoneczna kawalerka w City Park, ul. Żeligowskiego1 800 zł",1 800 zł,https://www.olx.pl/d/oferta/sloneczna-kawalerka-w-city-park-ul-zeligowskiego-CID3-ID19KA99.html?search_reason=search%7Corganic
"Wynajmę 2 pok, mieszkanie ul. Narutowicza, róg Matejki, UŁ, UMED1 900 zł",1 900 zł,https://www.olx.pl/d/oferta/wynajme-2-pok-mieszkanie-ul-narutowicza-rog-matejki-ul-umed-CID3-ID1a2mxm.html?search_reason=search%7Corganic
Mieszkanie z parkingiem. ul. Zachodnia 891 900 zł,1 900 zł,https://www.olx.pl/d/oferta/mieszkanie-z-parkingiem-ul-zachodnia-89-CID3-ID19jARc.html?search_reason=search%7Cpromoted
Przytulne mieszkanie na Wysockiego2 700 zł,2 700 zł,https://www.olx.pl/d/oferta/przytulne-mieszkanie-na-wysockiego-CID3-ID17NdwK.html?search_reason=search%7Cpromoted
"Komfortowe mieszkanie Janów, Olechów ul. Bauma2 900 zł",2 900 zł,https://www.olx.pl/d/oferta/komfortowe-mieszkanie-janow-olechow-ul-bauma-CID3-ID1a4P1P.html?search_reason=search%7Cpromoted
"Wynajmę 2 pok, mieszkanie ul. Narutowicza, róg Matejki, UŁ, UMED1 900 zł",1 900 zł,https://www.olx.pl/d/oferta/wynajme-2-pok-mieszkanie-ul-narutowicza-rog-matejki-ul-umed-CID3-ID1a2mxm.html?search_reason=search%7Corganic
Wynajme kawalerke Zielona 751 800 zł,1 800 zł,https://www.olx.pl/d/oferta/wynajme-kawalerke-zielona-75-CID3-ID1aaoa6.html?search_reason=search%7Corganic
"Kawalerka dla 1-2 osób, Retkinia, Babickiego1 700 zł",1 700 zł,https://www.otodom.pl/pl/oferta/kawalerka-dla-1-2-osob-retkinia-babickiego-ID4AHV1.html
Wynajmę Mieszkanie 2 pokoje 37 m2 Teofilów1 800 zł,1 800 zł,https://www.otodom.pl/pl/oferta/wynajme-mieszkanie-2-pokoje-37-m2-teofilow-ID4xOhu.html
Nowe 2 pok. mieszkanie PREMIUM z garażem / Pierwszy najem / Balkon2 700 zł,2 700 zł,https://www.otodom.pl/pl/oferta/nowe-2-pok-mieszkanie-premium-z-garazem-pierwszy-najem-balkon-ID4A7P4
Niepowtarzalny apartament w Prestiżowym Ilumino2 900 zł,2 900 zł,https://www.otodom.pl/pl/oferta/niepowtarzalny-apartament-w-prestizowym-ilumino-ID4AISw
"Przytulne studio, ul. Kopcińskiego1 600 zł",1 600 zł,https://www.olx.pl/d/oferta/przytulne-studio-ul-kopcinskiego-CID3-ID1aiaUp.html?search_reason=search%7Corganic
Mieszkanie z balkonem przy Manufakturze - po remoncie1 960 zł,1 960 zł,https://www.otodom.pl/pl/oferta/mieszkanie-z-balkonem-przy-manufakturze-po-remoncie-ID4Abfi
"2 pokoje, Łódź Górna, ogrzewanie miejskie1 890 zł",1 890 zł,https://www.otodom.pl/pl/oferta/2-pokoje-lodz-gorna-ogrzewanie-miejskie-ID4pZf4
Mieszkanie na wynajem2 300 zł,2 300 zł,https://www.olx.pl/d/oferta/mieszkanie-na-wynajem-CID3-ID19vUKa.html?search_reason=search%7Corganic
Mieszkanie z parkingiem w cenie2 200 zł,2 200 zł,https://www.olx.pl/d/oferta/mieszkanie-z-parkingiem-w-cenie-CID3-ID1afLQ5.html?search_reason=search%7Cpromoted
Jasne dwupokojowe mieszkanie na wynajem (pokoje nieprzechodnie!)2 100 złdo negocjacji,2 100 złdo negocjacji,https://www.olx.pl/d/oferta/jasne-dwupokojowe-mieszkanie-na-wynajem-pokoje-nieprzechodnie-CID3-ID1aly0g.html?search_reason=search%7Cpromoted
Nowoczesna kawalerka w centrum Łodzi – idealna dla singla lub pary!1 250 zł,1 250 zł,https://www.otodom.pl/pl/oferta/nowoczesna-kawalerka-w-centrum-lodzi-idealna-dla-singla-lub-pary-ID4A67k
Kawalerka na wynajem Łódź Polesie 33m21 600 zł,1 600 zł,https://www.olx.pl/d/oferta/kawalerka-na-wynajem-lodz-polesie-33m2-CID3-ID1alyE6.html?search_reason=search%7Corganic
Atrakcyjna kawalerka do wynajęcia1 500 zł,1 500 zł,https://www.olx.pl/d/oferta/atrakcyjna-kawalerka-do-wynajecia-CID3-ID1afWkI.html?search_reason=search%7Corganic
"Mieszkanie 43,54 m2 | ul. Dębowa, Łódź Górna1 800 zł",1 800 zł,https://www.olx.pl/d/oferta/mieszkanie-43-54-m2-ul-debowa-lodz-gorna-CID3-ID1aly1F.html?search_reason=search%7Corganic
Wynajmę bezpośrednio kawalerkę w centrum Łodzi - Kilińskiego 161 700 zł,1 700 zł,https://www.olx.pl/d/oferta/wynajme-bezposrednio-kawalerke-w-centrum-lodzi-kilinskiego-16-CID3-ID1a3Jc3.html?search_reason=search%7Corganic
Wynajem mieszkania Stoki2 200 złdo negocjacji,2 200 złdo negocjacji,https://www.olx.pl/d/oferta/wynajem-mieszkania-stoki-CID3-ID19Vq0L.html?search_reason=search%7Corganic
Nowoczesna kawalerka 25 m² |wynajem| Centrum Łódź |ul. Sienkiewicza 531 900 zł,1 900 zł,https://www.otodom.pl/pl/oferta/nowoczesna-kawalerka-25-m-wynajem-centrum-lodz-ul-sienkiewicza-53-ID4Ao8N
Do wynajęcia dwupokojowe mieszkanie przy ul. Kilińskiego 138.2 500 zł,2 500 zł,https://www.olx.pl/d/oferta/do-wynajecia-dwupokojowe-mieszkanie-przy-ul-kilinskiego-138-CID3-ID1a6K1a.html?search_reason=search%7Corganic
Piętro domu do dowolnej aranżacji.2 800 zł,2 800 zł,https://www.otodom.pl/pl/oferta/pietro-domu-do-dowolnej-aranzacji-ID4AI8C.html
"M3 Nowe ,Teofilów Zielona okolica ,garaż2 200 zł",2 200 zł,https://www.otodom.pl/pl/oferta/m3-nowe-teofilow-zielona-okolica-garaz-ID4B1dE
"Kawalerka, IIp, Centrum 500m, media miejskie1 200 zł",1 200 zł,https://www.otodom.pl/pl/oferta/kawalerka-iip-centrum-500m-media-miejskie-ID4ufui.html
"Rzgowska / Pryncypalna 38, Górna , M3 2 Pokoje / орендна / UKR / ENG1 300 zł",1 300 zł,https://www.olx.pl/d/oferta/rzgowska-pryncypalna-38-gorna-m3-2-pokoje-ukr-eng-CID3-ID1afcjt.html?search_reason=search%7Cpromoted
! Nowa cena! Apartament dla wymagających_56m² w Centrum Łodzi2 300 zł,2 300 zł,https://www.olx.pl/d/oferta/nowa-cena-apartament-dla-wymagajacych-56m-w-centrum-lodzi-CID3-ID19DidI.html?search_reason=search%7Cpromoted
Wynajem  Kawalerka1 600 zł,1 600 zł,https://www.olx.pl/d/oferta/wynajem-kawalerka-CID3-ID16TcbL.html?search_reason=search%7Cpromoted
Mieszkanie do wynajęcia Łódź Śródmieście2 200 zł,2 200 zł,https://www.olx.pl/d/oferta/mieszkanie-do-wynajecia-lodz-srodmiescie-CID3-ID1acjaR.html?search_reason=search%7Corganic
"Nowe 2-pok. mieszkanie, parking, Politechnika ul. Wołowa2 300 zł",2 300 zł,https://www.olx.pl/d/oferta/nowe-2-pok-mieszkanie-parking-politechnika-ul-wolowa-CID3-ID19Ydui.html?search_reason=search%7Corganic
Kawalerka w centrum Łodzi2 100 złdo negocjacji,2 100 złdo negocjacji,https://www.olx.pl/d/oferta/kawalerka-w-centrum-lodzi-CID3-ID1a2F3G.html?search_reason=search%7Corganic
"Do wynajęcia, 2 pok., 54 mkw., ul. św. Teresy, blisko Park Julianowski2 400 zł",2 400 zł,https://www.olx.pl/d/oferta/do-wynajecia-2-pok-54-mkw-ul-sw-teresy-blisko-park-julianowski-CID3-ID19czcb.html?search_reason=search%7Corganic
Kawalerka do wynajęcia1 500 zł,1 500 zł,https://www.olx.pl/d/oferta/kawalerka-do-wynajecia-CID3-ID1alq3H.html?search_reason=search%7Corganic
Przestronna kawalerka na Żeromskiego1 400 zł,1 400 zł,https://www.otodom.pl/pl/oferta/przestronna-kawalerka-na-zeromskiego-ID4Aaw4
"Kawalerka przy Politechnice Łódzkiej – Centrum, ul. Radwańska 561 600 zł",1 600 zł,https://www.otodom.pl/pl/oferta/kawalerka-przy-politechnice-lodzkiej-centrum-ul-radwanska-56-ID4AThr.html
Przytulna kawalerka z antresolą i parkingiem – ul. 1 Maja 771 850 zł,1 850 zł,https://www.otodom.pl/pl/oferta/przytulna-kawalerka-z-antresola-i-parkingiem-ul-1-maja-77-ID4ALML
"Kawalerka, Apartamenty Prestige, Pomorska 452 100 zł",2 100 zł,https://www.olx.pl/d/oferta/kawalerka-apartamenty-prestige-pomorska-45-CID3-ID17rPCw.html?search_reason=search%7Corganic
Nowoczesny apartament w w bardzo dobrej lokalizacji2 500 zł,2 500 zł,https://www.olx.pl/d/oferta/nowoczesny-apartament-w-w-bardzo-dobrej-lokalizacji-CID3-ID1ajEoz.html?search_reason=search%7Corganic
"Mieszkanie dwupokojowe do wynajęcia od zaraz, pierwszy najemca2 000 zł",2 000 zł,https://www.olx.pl/d/oferta/mieszkanie-dwupokojowe-do-wynajecia-od-zaraz-pierwszy-najemca-CID3-ID19YEbI.html?search_reason=search%7Cpromoted
Dwa pokoje z aneksem kuchennym bezposrednio2 190 zł,2 190 zł,https://www.olx.pl/d/oferta/dwa-pokoje-z-aneksem-kuchennym-bezposrednio-CID3-ID1a0t52.html?search_reason=search%7Cpromoted
Przytulna kawalerka przy Legionów1 350 zł,1 350 zł,https://www.olx.pl/d/oferta/przytulna-kawalerka-przy-legionow-CID3-ID1afSsh.html?search_reason=search%7Cpromoted
"NOWE 2 pokoje plus antresola - 1 km od Piotrkowskiej, przy Fuzji1 900 zł",1 900 zł,https://www.olx.pl/d/oferta/nowe-2-pokoje-plus-antresola-1-km-od-piotrkowskiej-przy-fuzji-CID3-ID1a77oB.html?search_reason=search%7Corganic
"Wynajem, Kamienica, Senatorska25 000 zł",25 000 zł,https://www.otodom.pl/pl/oferta/wynajem-kamienica-senatorska-ID4B3Ym
"Kawalerka w Apartamentowcu GÓRNA, PIOTRKOWSKA 900m1 250 zł",1 250 zł,https://www.otodom.pl/pl/oferta/kawalerka-w-apartamentowcu-gorna-piotrkowska-900m-ID4eIHC.html
2 Pokoje | Bez prowizji | Wysokie sufity! | Zwierzęta mile widziane!1 990 zł,1 990 zł,https://www.otodom.pl/pl/oferta/2-pokoje-bez-prowizji-wysokie-sufity-zwierzeta-mile-widziane-ID4AOKO
"Nowe, 2‑pokojowe mieszkanie z klimatyzacją – Tuwima 88, obok Łódź Fab2 700 zł",2 700 zł,https://www.olx.pl/d/oferta/nowe-2pokojowe-mieszkanie-z-klimatyzacja-tuwima-88-obok-lodz-fab-CID3-ID1aaGCa.html?search_reason=search%7Corganic
Mieszkanie na wynajem Łódź Zielony Romanów kawalerka 31m21 800 zł,1 800 zł,https://www.olx.pl/d/oferta/mieszkanie-na-wynajem-lodz-zielony-romanow-kawalerka-31m2-CID3-ID1a2UNI.html?search_reason=search%7Corganic
"Wynajmę mieszkanie w Łodzi, Retkinia - Karolew, M4 , 3 pokoje2 550 zł",2 550 zł,https://www.otodom.pl/pl/oferta/wynajme-mieszkanie-w-lodzi-retkinia-karolew-m4-3-pokoje-ID4ga2F
Mała kawalerka przy Kilińskiego 227 / 15m2 / wolna od zaraz1 300 zł,1 300 zł,https://www.olx.pl/d/oferta/mala-kawalerka-przy-kilinskiego-227-15m2-wolna-od-zaraz-CID3-ID19Jz1m.html?search_reason=search%7Corganic
"Wynajmę apartament przy Off Piotrkowska 217 , 2 pokoje strzeżone osiedle2 490 zł",2 490 zł,https://www.olx.pl/d/oferta/wynajme-apartament-przy-off-piotrkowska-217-2-pokoje-strzezone-osiedle-CID3-ID1a7DAF.html?search_reason=search%7Corganic
Przy przystanku tramwajowym. 100 metrów Pl. Wolnoścu2 600 zł,2 600 zł,https://www.otodom.pl/pl/oferta/przy-przystanku-tramwajowym-100-metrow-pl-wolnoscu-ID4B3Vf
"RENTAROOM.PL ENG RUS Manufaktura,ASP ul.Reja1 900 zł",1 900 zł,https://www.olx.pl/d/oferta/rentaroom-pl-eng-rus-manufaktura-asp-ul-reja-CID3-ID19BNRs.html?search_reason=search%7Cpromoted
"Wynajme mieszkanie Łódź, łódź wynajem, łódź mieszkanie , górna2 700 zł",2 700 zł,https://www.olx.pl/d/oferta/wynajme-mieszkanie-lodz-lodz-wynajem-lodz-mieszkanie-gorna-CID3-ID10zjcB.html?search_reason=search%7Cpromoted
Mieszkanie Łódź 2 pokoje wyposażone wynajem Narutowicza 16 obok UŁ Piotrkowska1 800 zł,1 800 zł,https://www.olx.pl/d/oferta/mieszkanie-lodz-2-pokoje-wyposazone-wynajem-narutowicza-16-obok-ul-piotrkowska-CID3-ID1a4JaT.html?search_reason=search%7Cpromoted
"2 Pokojowe Mieszkanie Na Nowym, Zamkniętym I Monitorowanym Osiedlu2 300 zł",2 300 zł,https://www.otodom.pl/pl/oferta/2-pokojowe-mieszkanie-na-nowym-zamknietym-i-monitorowanym-osiedlu-ID4APe9
"Rzgowska / Pryncypalna 38, Górna , M3 2 Pokoje / орендна / UKR / ENG1 300 zł",1 300 zł,https://www.olx.pl/d/oferta/rzgowska-pryncypalna-38-gorna-m3-2-pokoje-ukr-eng-CID3-ID1afcjt.html?search_reason=search%7Corganic
Nowe wykończenie! Kawalerka  w samym centrum Łodzi Nawrot parking1 500 zł,1 500 zł,https://www.otodom.pl/pl/oferta/nowe-wykonczenie-kawalerka-w-samym-centrum-lodzi-nawrot-parking-ID4ATql
Wynajmę tanio mieszkanie w centrum700 zł,700 zł,https://www.olx.pl/d/oferta/wynajme-tanio-mieszkanie-w-centrum-CID3-ID1aluhO.html?search_reason=search%7Corganic
Komfortowe 2 pokoje | Gotowe do zamieszkania | Niski czynsz | Dobra lokalizacja Zarzew2 000 zł,2 000 zł,https://www.olx.pl/d/oferta/komfortowe-2-pokoje-gotowe-do-zamieszkania-niski-czynsz-dobra-lokalizacja-zarzew-CID3-ID1a4SWc.html?search_reason=search%7Corganic
"Przemysłowa 21, przytulna kawalerka w spokojnej okolicy, 0% prowizji1 100 zł",1 100 zł,https://www.olx.pl/d/oferta/przemyslowa-21-przytulna-kawalerka-w-spokojnej-okolicy-0-prowizji-CID3-ID1alelN.html?search_reason=search%7Corganic
"Kawalerka 9piętro 30m2 po remoncie, świeżo po malowaniu, wposażone1 650 zł",1 650 zł,https://www.otodom.pl/pl/oferta/kawalerka-9pietro-30m2-po-remoncie-swiezo-po-malowaniu-wposazone-ID4AZ3y
"Atrakcyjne 2 pok 43mkw taras garaż ""Etiuda""2 300 zł",2 300 zł,https://www.otodom.pl/pl/oferta/atrakcyjne-2-pok-43mkw-taras-garaz-etiuda-ID4Aqf7
"Dniestrzańska 3, nowoczesna kawalerka z balkonem w centrum, 0% prowizji1 450 zł",1 450 zł,https://www.olx.pl/d/oferta/dniestrzanska-3-nowoczesna-kawalerka-z-balkonem-w-centrum-0-prowizji-CID3-ID1aleL8.html?search_reason=search%7Corganic
Komfortowe mieszkanie z widokiem na park Radogoszcz1 800 zł,1 800 zł,https://www.otodom.pl/pl/oferta/komfortowe-mieszkanie-z-widokiem-na-park-radogoszcz-ID4B3kH
"RENTAROOM.PL ENG RUS studio z balkonem,Manufaktura ul.Lutomierska1 500 zł",1 500 zł,https://www.olx.pl/d/oferta/rentaroom-pl-eng-rus-studio-z-balkonem-manufaktura-ul-lutomierska-CID3-ID19903O.html?search_reason=search%7Cpromoted
"Centrum-ul.Rewolucji, komfortowa kawalerka 23m, parking, monitoring.1 450 zł",1 450 zł,https://www.olx.pl/d/oferta/centrum-ul-rewolucji-komfortowa-kawalerka-23m-parking-monitoring-CID3-ID1abClw.html?search_reason=search%7Cpromoted
"Śródmieście, ul. 6 Sierpnia 37, 2 pokoje, 34 m2, kamienica po remoncie1 975 zł",1 975 zł,https://www.olx.pl/d/oferta/srodmiescie-ul-6-sierpnia-37-2-pokoje-34-m2-kamienica-po-remoncie-CID3-ID19YYXT.html?search_reason=search%7Cpromoted
Kawalerka 32m2  do wynajęcia Łódź-Górna ul Strycharska1 500 zł,1 500 zł,https://www.olx.pl/d/oferta/kawalerka-32m2-do-wynajecia-lodz-gorna-ul-strycharska-CID3-ID1a6XlT.html?search_reason=search%7Corganic
Mieszkanie z OGRÓDKIEM.  Parking GRATIS...Rolety Elektryczne !!!2 700 zł,2 700 zł,https://www.otodom.pl/pl/oferta/mieszkanie-z-ogrodkiem-parking-gratis-rolety-elektryczne-ID4ANE4.html
"Nowe, 1-pok mieszkanie - ul. 6 Sierpnia 19A2 200 zł",2 200 zł,https://www.otodom.pl/pl/oferta/nowe-1-pok-mieszkanie-ul-6-sierpnia-19a-ID4AIHB.html
na zamkniętym terenie z garażem2 200 zł,2 200 zł,https://www.otodom.pl/pl/oferta/na-zamknietym-terenie-z-garazem-ID4AbUp
Mieszkanie  Teofilów ulica Grabieniec2 200 zł,2 200 zł,https://www.otodom.pl/pl/oferta/mieszkanie-teofilow-ulica-grabieniec-ID4AuGI
Łódź – Śródmieście | 29 m² | Kawalerka | Miejsce parkingowe | Komórka1 800 zł,1 800 zł,https://www.olx.pl/d/oferta/lodz-srodmiescie-29-m-kawalerka-miejsce-parkingowe-komorka-CID3-ID19VWNw.html?search_reason=search%7Corganic
Apartament 2 pokoje umeblowane k/Politechniki2 200 zł,2 200 zł,https://www.otodom.pl/pl/oferta/apartament-2-pokoje-umeblowane-k-politechniki-ID4AzJq
Do wynajęcia mieszkanie 2-pokojowe.2 800 zł,2 800 zł,https://www.olx.pl/d/oferta/do-wynajecia-mieszkanie-2-pokojowe-CID3-ID1akHNt.html?search_reason=search%7Corganic
Twoje miejsce przy parku – nowe 45 m² w pełnym standardzie Księży Młyn2 300 zł,2 300 zł,https://www.otodom.pl/pl/oferta/twoje-miejsce-przy-parku-nowe-45-m-w-pelnym-standardzie-ksiezy-mlyn-ID4ATjt.html
Mieszkanie 3 pokojowe ul. Biegunowa 9 | POLESIE OSIEDLE ZAMKNIETE2 935 zł,2 935 zł,https://www.otodom.pl/pl/oferta/mieszkanie-3-pokojowe-ul-biegunowa-9-polesie-osiedle-zamkniete-ID4zqpE
Nowoczesny apartament w w bardzo dobrej lokalizacji2 500 zł,2 500 zł,https://www.olx.pl/d/oferta/nowoczesny-apartament-w-w-bardzo-dobrej-lokalizacji-CID3-ID1ajEoz.html?search_reason=search%7Cpromoted
Atrakcyjne mieszkanie z antresolą przy Filmówce | Parking | Centrum2 300 złdo negocjacji,2 300 złdo negocjacji,https://www.olx.pl/d/oferta/atrakcyjne-mieszkanie-z-antresola-przy-filmowce-parking-centrum-CID3-ID1aba1A.html?search_reason=search%7Cpromoted
Do wynajęcia dwupokojowe na Dołach1 550 zł,1 550 zł,https://www.olx.pl/d/oferta/do-wynajecia-dwupokojowe-na-dolach-CID3-ID17IJgq.html?search_reason=search%7Cpromoted
Dwupoziomowy apartament przy ul. Nawrot 343 900 zł,3 900 zł,https://www.olx.pl/d/oferta/dwupoziomowy-apartament-przy-ul-nawrot-34-CID3-ID19qqYL.html?search_reason=search%7Corganic
Przestronne 2 pokojowe mieszkanie z balkonem1 900 zł,1 900 zł,https://www.otodom.pl/pl/oferta/przestronne-2-pokojowe-mieszkanie-z-balkonem-ID4ARvO
Przestronna kawalerka | Centrum Łodzi | Akceptujemy zwierzęta1 600 zł,1 600 zł,https://www.otodom.pl/pl/oferta/przestronna-kawalerka-centrum-lodzi-akceptujemy-zwierzeta-ID4AOMQ
PIĘKNA kawalerka z antresolą w centrum Kościuszki1 550 zł,1 550 zł,https://www.otodom.pl/pl/oferta/piekna-kawalerka-z-antresola-w-centrum-kosciuszki-ID4s52K
Kawalerka w cenrum łodzi1 300 zł,1 300 zł,https://www.olx.pl/d/oferta/kawalerka-w-cenrum-lodzi-CID3-ID19UJoB.html?search_reason=search%7Corganic
kawalerka przy ul. Legionów 751 100 zł,1 100 zł,https://www.olx.pl/d/oferta/kawalerka-przy-ul-legionow-75-CID3-ID1aeoUi.html?search_reason=search%7Corganic
"Mieszkanie w Nowym Centrum Łodzi, ul. Tramwajowa3 000 zł",3 000 zł,https://www.olx.pl/d/oferta/mieszkanie-w-nowym-centrum-lodzi-ul-tramwajowa-CID3-ID19m3UY.html?search_reason=search%7Corganic
"Na wynajem Kawalerka ""Nad Jasieniem"" - Tymienieckiego 642 000 zł",2 000 zł,https://www.olx.pl/d/oferta/na-wynajem-kawalerka-nad-jasieniem-tymienieckiego-64-CID3-ID1aeXB8.html?search_reason=search%7Corganic
"Wynajmę kawalerkę, Cieszkowskiego 7, Górna, po remoncie1 800 zł",1 800 zł,https://www.olx.pl/d/oferta/wynajme-kawalerke-cieszkowskiego-7-gorna-po-remoncie-CID3-ID1aiug0.html?search_reason=search%7Corganic
Nowoczesne 2 pokoje po remoncie  / centrum / od zaraz /wysoki standard1 880 zł,1 880 zł,https://www.olx.pl/d/oferta/nowoczesne-2-pokoje-po-remoncie-centrum-od-zaraz-wysoki-standard-CID3-ID1a7RMu.html?search_reason=search%7Corganic
"Sprawdź, zobacz, zachwyć się i wynajmij od zaraz hit na Pabianickiej  4/152 000 zł",2 000 zł,https://www.olx.pl/d/oferta/sprawdz-zobacz-zachwyc-sie-i-wynajmij-od-zaraz-hit-na-pabianickiej-4-15-CID3-ID1agQ9x.html?search_reason=search%7Cpromoted
Pokoj na lodzkim manhatanie Piotrkowska 204900 zł,900 zł,https://www.olx.pl/d/oferta/pokoj-na-lodzkim-manhatanie-piotrkowska-204-CID3-ID1a8mhu.html?search_reason=search%7Cpromoted
2 pokojowe mieszkanie - Łódź Polesie2 000 zł,2 000 zł,https://www.olx.pl/d/oferta/2-pokojowe-mieszkanie-lodz-polesie-CID3-ID19HmhS.html?search_reason=search%7Cpromoted
"M3 ul Mochnackiego umeblowane, Po remoncie2 100 zł",2 100 zł,https://www.otodom.pl/pl/oferta/m3-ul-mochnackiego-umeblowane-po-remoncie-ID4vNvC
Kawalerka w nowo oddanym apartamentowcu1 750 zł,1 750 zł,https://www.olx.pl/d/oferta/kawalerka-w-nowo-oddanym-apartamentowcu-CID3-ID19yqiK.html?search_reason=search%7Corganic
Kawalerka - wynajem okazjonalny1 400 złdo negocjacji,1 400 złdo negocjacji,https://www.olx.pl/d/oferta/kawalerka-wynajem-okazjonalny-CID3-ID1abCH0.html?search_reason=search%7Corganic
Kawalerka do wynajęcia - Widzew Wschód1 500 zł,1 500 zł,https://www.olx.pl/d/oferta/kawalerka-do-wynajecia-widzew-wschod-CID3-ID1a1tkE.html?search_reason=search%7Corganic
wynajem mieszkania Łódź Górna ul. Broniewskiego1 500 złdo negocjacji,1 500 złdo negocjacji,https://www.olx.pl/d/oferta/wynajem-mieszkania-lodz-gorna-ul-broniewskiego-CID3-ID1abAh8.html?search_reason=search%7Corganic
(5) Bezpośrednio wynajmę kawalerkę ulicy Słowiańskiej 201 250 zł,1 250 zł,https://www.olx.pl/d/oferta/5-bezposrednio-wynajme-kawalerke-ulicy-slowianskiej-20-CID3-ID1a7cFE.html?search_reason=search%7Corganic
"Słoneczne 2 pokoje, Zielony Romanów2 250 zł",2 250 zł,https://www.otodom.pl/pl/oferta/sloneczne-2-pokoje-zielony-romanow-ID4v7YR
"Rezerwacja.Nowoczesne, 2pokojowe mieszkanie w Centrum Łodzi2 350 zł",2 350 zł,https://www.otodom.pl/pl/oferta/rezerwacja-nowoczesne-2pokojowe-mieszkanie-w-centrum-lodzi-ID4zUzJ
Cisza w centrum - 3 pokoje/zwierzęta mile widziane1 800 zł,1 800 zł,https://www.otodom.pl/pl/oferta/cisza-w-centrum-3-pokoje-zwierzeta-mile-widziane-ID4Askm
Przytulne 2 pokojowe mieszkanie obok Parku Źródliska1 700 zł,1 700 zł,https://www.otodom.pl/pl/oferta/przytulne-2-pokojowe-mieszkanie-obok-parku-zrodliska-ID4xUGy
"5 min. od MANUFAKTURY 2 pok.43m z tarasami 23m winda, garaż UKR. ENG.2 180 zł",2 180 zł,https://www.olx.pl/d/oferta/5-min-od-manufaktury-2-pok-43m-z-tarasami-23m-winda-garaz-ukr-eng-CID3-ID1a0M5H.html?search_reason=search%7Cpromoted
"mieszkanie 2 pokoje - 42 m2, balkon / Łódź Dąbrowa, ul. Gojawiczyńskiej /1 600 zł",1 600 zł,https://www.olx.pl/d/oferta/mieszkanie-2-pokoje-42-m2-balkon-lodz-dabrowa-ul-gojawiczynskiej-CID3-ID1adRYx.html?search_reason=search%7Cpromoted
Do wynajęcia nowoczesna kawalerka z dodatkową sypialnią na Retkini.1 900 zł,1 900 zł,https://www.olx.pl/d/oferta/do-wynajecia-nowoczesna-kawalerka-z-dodatkowa-sypialnia-na-retkini-CID3-ID19kkan.html?search_reason=search%7Cpromoted
Przytulne 2 pokojowe mieszkanie obok Parku Źródliska1 700 zł,1 700 zł,https://www.otodom.pl/pl/oferta/przytulne-2-pokojowe-mieszkanie-obok-parku-zrodliska-ID4xUGy
IMAGINE Luksusowy mini apartament2 000 zł,2 000 zł,https://www.olx.pl/d/oferta/imagine-luksusowy-mini-apartament-CID3-ID1a7ztb.html?search_reason=search%7Corganic
Mieszkanie z garażem. Bez Prowizji ###1 900 zł,1 900 zł,https://www.otodom.pl/pl/oferta/mieszkanie-z-garazem-bez-prowizji-ID4AjSG
Przestronne 2 pokojowe mieszkanie z balkonem1 800 zł,1 800 zł,https://www.otodom.pl/pl/oferta/przestronne-2-pokojowe-mieszkanie-z-balkonem-ID4Awzi
"3 pokoje po remoncie czekają na pierwszych mieszkańców, ul. Przełajowa2 500 zł",2 500 zł,https://www.otodom.pl/pl/oferta/3-pokoje-po-remoncie-czekaja-na-pierwszych-mieszkancow-ul-przelajowa-ID4ARKw
"Super mieszkanie, 120 m².  duże5 500 zł",5 500 zł,https://www.olx.pl/d/oferta/super-mieszkanie-120-m-duze-CID3-ID1a0F0F.html?search_reason=search%7Corganic
Wynajmę mieszkanie1 490 zł,1 490 zł,https://www.olx.pl/d/oferta/wynajme-mieszkanie-CID3-ID1a33Uf.html?search_reason=search%7Corganic
Wynajmę mieszkanie 2 pokojowe.1 900 zł,1 900 zł,https://www.olx.pl/d/oferta/wynajme-mieszkanie-2-pokojowe-CID3-ID1abvrb.html?search_reason=search%7Corganic
"M3 Bałuty ul Pasterska/Młynarska,po remoncie2 500 zł",2 500 zł,https://www.otodom.pl/pl/oferta/m3-baluty-ul-pasterska-mlynarska-po-remoncie-ID4AoDr.html
Kawalerka | Bez prowizji | Składowa1 690 zł,1 690 zł,https://www.otodom.pl/pl/oferta/kawalerka-bez-prowizji-skladowa-ID4AsjO
mieszkanie do wynajęcia od zaraz!1 850 zł,1 850 zł,https://www.olx.pl/d/oferta/mieszkanie-do-wynajecia-od-zaraz-CID3-ID1a9kJ3.html?search_reason=search%7Cpromoted
Mieszkanie 3 pokojowe na Zdrowiu PETFRIENDLY od maja2 950 zł,2 950 zł,https://www.olx.pl/d/oferta/mieszkanie-3-pokojowe-na-zdrowiu-petfriendly-od-maja-CID3-ID18ADVJ.html?search_reason=search%7Cpromoted
Przestrona kawalerka  w spokojnej okolicy Łodź Widzew/ Nowosolna1 200 zł,1 200 zł,https://www.olx.pl/d/oferta/przestrona-kawalerka-w-spokojnej-okolicy-lodz-widzew-nowosolna-CID3-ID1af1Ii.html?search_reason=search%7Cpromoted
Idealna kawalerka przy Rondzie Lotnikow Lwowskich1 850 zł,1 850 zł,https://www.olx.pl/d/oferta/idealna-kawalerka-przy-rondzie-lotnikow-lwowskich-CID3-ID1a4PFr.html?search_reason=search%7Corganic
"od marca - Slovianka Nowe - mieszkanie 44m2 BASEN , SAUNA2 650 zł",2 650 zł,https://www.otodom.pl/pl/oferta/od-marca-slovianka-nowe-mieszkanie-44m2-basen-sauna-ID4rT7j
Nowoczesne 2 pokojowe mieszkanie w Centrum | Garderoba2 000 zł,2 000 zł,https://www.otodom.pl/pl/oferta/nowoczesne-2-pokojowe-mieszkanie-w-centrum-garderoba-ID4AWGj
Mieszkanie 2 pokojowe ul. Kamińskiego 23 | CENTRUM ŚWIETNA LOKALIZACJA1 900 zł,1 900 zł,https://www.otodom.pl/pl/oferta/mieszkanie-2-pokojowe-ul-kaminskiego-23-centrum-swietna-lokalizacja-ID4AMno
Mieszkanie 2-pokojowe z ogródkiem2 600 zł,2 600 zł,https://www.olx.pl/d/oferta/mieszkanie-2-pokojowe-z-ogrodkiem-CID3-ID19d4hD.html?search_reason=search%7Corganic
Kawalerka / 25m2 / odświeżona / Józefa 171 200 zł,1 200 zł,https://www.olx.pl/d/oferta/kawalerka-25m2-odswiezona-jozefa-17-CID3-ID17Vqm2.html?search_reason=search%7Corganic
"Kawalerka na wynajem, okolice Wojska Polskiego, blok.1 960 zł",1 960 zł,https://www.olx.pl/d/oferta/kawalerka-na-wynajem-okolice-wojska-polskiego-blok-CID3-ID1alb6S.html?search_reason=search%7Corganic
"Kawalerka na wynajem, , okolice Wojska Polskiego, wykończone.1 800 zł",1 800 zł,https://www.olx.pl/d/oferta/kawalerka-na-wynajem-okolice-wojska-polskiego-wykonczone-CID3-ID1albic.html?search_reason=search%7Corganic
(11) Bezpośrednio wynajmę kawalerkę ulicy Słowiańskiej 201 250 zł,1 250 zł,https://www.olx.pl/d/oferta/11-bezposrednio-wynajme-kawalerke-ulicy-slowianskiej-20-CID3-ID150Wis.html?search_reason=search%7Corganic
Do wanajęcia 2 pokojawe mieszkanie Łódź Widzew2 000 zł,2 000 zł,https://www.olx.pl/d/oferta/do-wanajecia-2-pokojawe-mieszkanie-lodz-widzew-CID3-ID1ak4am.html?search_reason=search%7Corganic
Help Desk 24h | Bez ukrytych kosztów | Przyjazne zwierzętom1 690 zł,1 690 zł,https://www.otodom.pl/pl/oferta/help-desk-24h-bez-ukrytych-kosztow-przyjazne-zwierzetom-ID4AYhY
Nowoczesne Mieszkanie z balkonem2 200 zł,2 200 zł,https://www.olx.pl/d/oferta/nowoczesne-mieszkanie-z-balkonem-CID3-ID1al5IE.html?search_reason=search%7Cpromoted
"Mieszkanie 3 pok. na wynajem Łódź wołowa 2D, świeżo wykończone2 800 zł",2 800 zł,https://www.olx.pl/d/oferta/mieszkanie-3-pok-na-wynajem-lodz-wolowa-2d-swiezo-wykonczone-CID3-ID19Pwwa.html?search_reason=search%7Cpromoted
Tylna - nowoczesne mieszkanie od zaraz1 600 zł,1 600 zł,https://www.otodom.pl/pl/oferta/tylna-nowoczesne-mieszkanie-od-zaraz-ID4Ac2n.html
Do wynajęcia nowoczesna kawalerka z dodatkową sypialnią na Retkini.1 900 zł,1 900 zł,https://www.olx.pl/d/oferta/do-wynajecia-nowoczesna-kawalerka-z-dodatkowa-sypialnia-na-retkini-CID3-ID19kkan.html?search_reason=search%7Corganic
"Mieszkanie, Łódź1 800 zł",1 800 zł,https://www.otodom.pl/pl/oferta/-ID4AHqD.html
Dwupokojowe mieszkanie z balkonem i windą w Łodzi2 450 zł,2 450 zł,https://www.otodom.pl/pl/oferta/dwupokojowe-mieszkanie-z-balkonem-i-winda-w-lodzi-ID4Ax7Q
Nowoczesne 2-pokojowe mieszkanie z balkonem2 500 zł,2 500 zł,https://www.otodom.pl/pl/oferta/nowoczesne-2-pokojowe-mieszkanie-z-balkonem-ID4w5j4.html
Do wynajęcia dwupokojowe mieszkanie w inwestycji przy ul. Drewnowskiej 772 600 zł,2 600 zł,https://www.olx.pl/d/oferta/do-wynajecia-dwupokojowe-mieszkanie-w-inwestycji-przy-ul-drewnowskiej-77-CID3-ID1ajihj.html?search_reason=search%7Corganic
Wygodne mieszkanie po remoncie Al. Hetmańska - Janów2 400 zł,2 400 zł,https://www.olx.pl/d/oferta/wygodne-mieszkanie-po-remoncie-al-hetmanska-janow-CID3-ID1a3H8p.html?search_reason=search%7Corganic
Pilnie wynajmę mieszkanie 30 m2750 zł,750 zł,https://www.olx.pl/d/oferta/pilnie-wynajme-mieszkanie-30-m2-CID3-ID1aj0BA.html?search_reason=search%7Corganic
"Grudzińskiego 57, 3-pokojowe mieszkanie z balkonem, 0% prowizji1 690 zł",1 690 zł,https://www.olx.pl/d/oferta/grudzinskiego-57-3-pokojowe-mieszkanie-z-balkonem-0-prowizji-CID3-ID1aihnQ.html?search_reason=search%7Corganic
"M3 ,Teofilów/Żabieniec ul. Plantowa ,2 balkony1 800 zł",1 800 zł,https://www.otodom.pl/pl/oferta/m3-teofilow-zabieniec-ul-plantowa-2-balkony-ID4zj7W.html
"AKTUALNE! Do wynajęcia mieszkanie z widokiem z okien na staw! ul. Liściasta Łódź Bałuty! 4 pokoje - 75 m2 - Lodz - obok park, place zabaw3 200 zł",3 200 zł,https://www.olx.pl/d/oferta/aktualne-do-wynajecia-mieszkanie-z-widokiem-z-okien-na-staw-ul-lisciasta-lodz-baluty-4-pokoje-75-m2-lodz-obok-park-place-zabaw-CID3-ID1agIat.html?search_reason=search%7Cpromoted
"Wynajmę mieszkanie 2 pokoje,  parking, Wróblewskiego,  Nowa Przędzalniana2 100 zł",2 100 zł,https://www.olx.pl/d/oferta/wynajme-mieszkanie-2-pokoje-parking-wroblewskiego-nowa-przedzalniana-CID3-ID1akH2F.html?search_reason=search%7Cpromoted
"ENG/UA Kawalerka dla 1 os. z antresolą, Manufaktura AMUZ UMED UŁ.1 250 zł",1 250 zł,https://www.olx.pl/d/oferta/eng-ua-kawalerka-dla-1-os-z-antresola-manufaktura-amuz-umed-ul-CID3-ID17JvPt.html?search_reason=search%7Cpromoted
2 pokoje | wysoki standard | po remoncie | Odyńca 66 | Winda1 700 zł,1 700 zł,https://www.olx.pl/d/oferta/2-pokoje-wysoki-standard-po-remoncie-odynca-66-winda-CID3-ID169MEG.html?search_reason=search%7Corganic
"2 pokoje, wysoki standard, Karolew blisko Centrum – PIERWSZY najemca2 000 zł",2 000 zł,https://www.otodom.pl/pl/oferta/2-pokoje-wysoki-standard-karolew-blisko-centrum-pierwszy-najemca-ID4ARWJ
"Przestronna, jasna kawalerka, Polesie, Mireckiego1 400 zł",1 400 zł,https://www.olx.pl/d/oferta/przestronna-jasna-kawalerka-polesie-mireckiego-CID3-ID1a6Cab.html?search_reason=search%7Corganic
"Apartament, WYSOKI STANDARD, 27m ul. Widzewska, bezpośrednio, parking1 990 zł",1 990 zł,https://www.olx.pl/d/oferta/apartament-wysoki-standard-27m-ul-widzewska-bezposrednio-parking-CID3-ID17nMqs.html?search_reason=search%7Corganic
Mieszkanie na wynajem2 800 zł,2 800 zł,https://www.olx.pl/d/oferta/mieszkanie-na-wynajem-CID3-ID1a9Qbo.html?search_reason=search%7Corganic
Bardzo ładne mieszkanie Łódź Doły 38m21 650 złdo negocjacji,1 650 złdo negocjacji,https://www.olx.pl/d/oferta/bardzo-ladne-mieszkanie-lodz-doly-38m2-CID3-ID1adxWz.html?search_reason=search%7Corganic
"Mieszkanie 2 pokojowe blisko Manufaktury, pierwszy najem | Legionów 692 000 zł",2 000 zł,https://www.olx.pl/d/oferta/mieszkanie-2-pokojowe-blisko-manufaktury-pierwszy-najem-legionow-69-CID3-ID1afiux.html?search_reason=search%7Corganic
Mieszkanie w centrum Łodzi z klimatyzacją 3 min od Piotrkowska Centrum2 000 zł,2 000 zł,https://www.olx.pl/d/oferta/mieszkanie-w-centrum-lodzi-z-klimatyzacja-3-min-od-piotrkowska-centrum-CID3-ID19ZiFJ.html?search_reason=search%7Corganic
Na wynajem 2-pokojowe mieszkanie w inwestycji Fuzja przy ul. Milionowej 8 w Łodzi2 250 zł,2 250 zł,https://www.olx.pl/d/oferta/na-wynajem-2-pokojowe-mieszkanie-w-inwestycji-fuzja-przy-ul-milionowej-8-w-lodzi-CID3-ID1a3kej.html?search_reason=search%7Corganic
Wynajmę mieszkanie2 000 zł,2 000 zł,https://www.olx.pl/d/oferta/wynajme-mieszkanie-CID3-ID1aj09c.html?search_reason=search%7Corganic
"Wynajmę mieszkanie 2 pokoje,  parking, Wróblewskiego,  Nowa Przędzalniana2 100 zł",2 100 zł,https://www.olx.pl/d/oferta/wynajme-mieszkanie-2-pokoje-parking-wroblewskiego-nowa-przedzalniana-CID3-ID1akH2F.html?search_reason=search%7Cpromoted
"ENG/UA Kawalerka dla 1 os. z antresolą, Manufaktura AMUZ UMED UŁ.1 250 zł",1 250 zł,https://www.olx.pl/d/oferta/eng-ua-kawalerka-dla-1-os-z-antresola-manufaktura-amuz-umed-ul-CID3-ID17JvPt.html?search_reason=search%7Cpromoted
Mieszkanie na wynajem2 300 zł,2 300 zł,https://www.olx.pl/d/oferta/mieszkanie-na-wynajem-CID3-ID19vUKa.html?search_reason=search%7Cpromoted
"NOWA kawalerka 16m2 plus antresola 7m2- kilometr od Piotrkowskiej, obok Fuzji1 350 zł",1 350 zł,https://www.olx.pl/d/oferta/nowa-kawalerka-16m2-plus-antresola-7m2-kilometr-od-piotrkowskiej-obok-fuzji-CID3-ID1a796J.html?search_reason=search%7Corganic
"Ładna  przestronna  Kawalerka 45 m2 , w nowym budynku . Widzew, parking , ogródek.1 500 zł",1 500 zł,https://www.olx.pl/d/oferta/ladna-przestronna-kawalerka-45-m2-w-nowym-budynku-widzew-parking-ogrodek-CID3-ID15ZV3R.html?search_reason=search%7Corganic
Klimatyzowane mieszkanie przy ul. Senatorskiej2 690 zł,2 690 zł,https://www.olx.pl/d/oferta/klimatyzowane-mieszkanie-przy-ul-senatorskiej-CID3-ID19qwAl.html?search_reason=search%7Corganic
Nowoczesny apartament do pierwszego zamieszkania3 150 zł,3 150 zł,https://www.otodom.pl/pl/oferta/nowoczesny-apartament-do-pierwszego-zamieszkania-ID4Aovd
"Nowy blok, 2 pokoje, ""Nowy Janów"", parter, garaż2 500 zł",2 500 zł,https://www.otodom.pl/pl/oferta/nowy-blok-2-pokoje-nowy-janow-parter-garaz-ID4l0vC
Loft w stylu glamour przy ul. Kopernika2 400 zł,2 400 zł,https://www.olx.pl/d/oferta/loft-w-stylu-glamour-przy-ul-kopernika-CID3-ID16Qjyo.html?search_reason=search%7Corganic
Wynajem mieszkania Łódź Karolew1 900 złdo negocjacji,1 900 złdo negocjacji,https://www.olx.pl/d/oferta/wynajem-mieszkania-lodz-karolew-CID3-ID1a7whX.html?search_reason=search%7Corganic
Kawalerka w pobliżu Manufaktury po generalnym remoncie | Legionów 771 400 zł,1 400 zł,https://www.olx.pl/d/oferta/kawalerka-w-poblizu-manufaktury-po-generalnym-remoncie-legionow-77-CID3-ID1afiVq.html?search_reason=search%7Corganic
"Wynajem, Kamienica, Senatorska19 000 zł",19 000 zł,https://www.otodom.pl/pl/oferta/wynajem-kamienica-senatorska-ID4B3YJ
Przytulna kawalerka | Centrum | ul. Drewnowska | TYLKO 1700ZŁ CAŁOŚĆ1 100 zł,1 100 zł,https://www.olx.pl/d/oferta/przytulna-kawalerka-centrum-ul-drewnowska-tylko-1700zl-calosc-CID3-ID1a8DgA.html?search_reason=search%7Corganic
"Piękne mieszkanie z balkonem i osobną sypialnią, przy OFF i Parku2 100 zł",2 100 zł,https://www.otodom.pl/pl/oferta/piekne-mieszkanie-z-balkonem-i-osobna-sypialnia-przy-off-i-parku-ID4A5C3
"2 pokoje, ul. Rewolucji - Etiuda2 000 zł",2 000 zł,https://www.otodom.pl/pl/oferta/2-pokoje-ul-rewolucji-etiuda-ID4Abod
RENTAROOM.PL ENG RUS studio Monopolis Piłsudskiego ul.Zbiorcza1 300 zł,1 300 zł,https://www.olx.pl/d/oferta/rentaroom-pl-eng-rus-studio-monopolis-pilsudskiego-ul-zbiorcza-CID3-ID15We8b.html?search_reason=search%7Cpromoted
Mieszkanie z aneksem i łazienką1 400 zł,1 400 zł,https://www.olx.pl/d/oferta/mieszkanie-z-aneksem-i-lazienka-CID3-ID12omvV.html?search_reason=search%7Corganic
Przytulne mieszkanie 2 pokojowe ul. Babickiego 12 | RETKINIA KAROLEW2 140 zł,2 140 zł,https://www.otodom.pl/pl/oferta/przytulne-mieszkanie-2-pokojowe-ul-babickiego-12-retkinia-karolew-ID4APRj
Nowe 2-pokojowe ul Wysoka Fabryczna2 450 zł,2 450 zł,https://www.otodom.pl/pl/oferta/nowe-2-pokojowe-ul-wysoka-fabryczna-ID4AH3E
Kawalerka ul. Pomorska/Kamińskiego1 400 zł,1 400 zł,https://www.olx.pl/d/oferta/kawalerka-ul-pomorska-kaminskiego-CID3-ID1ak1Vx.html?search_reason=search%7Corganic
Apartament dla Studenta/Studentki2 000 zł,2 000 zł,https://www.olx.pl/d/oferta/apartament-dla-studenta-studentki-CID3-ID1a4eFE.html?search_reason=search%7Corganic
Nowoczesny apartament z balkonem i klimatyzacją Radogoszcz Wschód2 400 zł,2 400 zł,https://www.olx.pl/d/oferta/nowoczesny-apartament-z-balkonem-i-klimatyzacja-radogoszcz-wschod-CID3-ID19ExJJ.html?search_reason=search%7Corganic
"Piłsudskiego-Niciarniana, 2-pokojowe od zaraz1 600 zł",1 600 zł,https://www.otodom.pl/pl/oferta/pilsudskiego-niciarniana-2-pokojowe-od-zaraz-ID4AlNR
Umeblowana kawalerka ul. Pabianicka1 150 zł,1 150 zł,https://www.otodom.pl/pl/oferta/umeblowana-kawalerka-ul-pabianicka-ID4wiaQ
z WIDOKIEM na ZIELEŃ - Świetna Komunikacja z Całym miastem1 550 zł,1 550 zł,https://www.olx.pl/d/oferta/z-widokiem-na-zielen-swietna-komunikacja-z-calym-miastem-CID3-ID11Zi7M.html?search_reason=search%7Corganic
Wynajmę bezpośrednio dwupiętrowy apartament Tymienieckiego 25 C4 000 zł,4 000 zł,https://www.olx.pl/d/oferta/wynajme-bezposrednio-dwupietrowy-apartament-tymienieckiego-25-c-CID3-ID19z08M.html?search_reason=search%7Corganic
Wynajmę tanio mieszkanie w centrum700 zł,700 zł,https://www.olx.pl/d/oferta/wynajme-tanio-mieszkanie-w-centrum-CID3-ID1aluhO.html?search_reason=search%7Cpromoted
Przytulna kawalerka - Retkinia1 300 zł,1 300 zł,https://www.olx.pl/d/oferta/przytulna-kawalerka-retkinia-CID3-ID19kPn5.html?search_reason=search%7Cpromoted
"Kawalerka na wynajem,  Manufaktura, Oblęgorska, ASP, WPIA, UM1 270 złdo negocjacji",1 270 złdo negocjacji,https://www.olx.pl/d/oferta/kawalerka-na-wynajem-manufaktura-oblegorska-asp-wpia-um-CID3-ID19Kjlv.html?search_reason=search%7Cpromoted
Przytulne mieszkanie z ogrodem w Łodzi - ogrzewanie w cenie1 297 zł,1 297 zł,https://www.otodom.pl/pl/oferta/przytulne-mieszkanie-z-ogrodem-w-lodzi-ogrzewanie-w-cenie-ID4As5F
"Łódź, Śródmieście, ul. Tylna, mieszkanie wynajmę2 200 zł",2 200 zł,https://www.otodom.pl/pl/oferta/lodz-srodmiescie-ul-tylna-mieszkanie-wynajme-ID4A9ul
Przestronne mieszkanie z ogródkiem blisko lasu3 200 zł,3 200 zł,https://www.otodom.pl/pl/oferta/przestronne-mieszkanie-z-ogrodkiem-blisko-lasu-ID4gfzJ
Do wynajęcia nowe 3 pokojowe ul. Źródłowa 312 700 zł,2 700 zł,https://www.olx.pl/d/oferta/do-wynajecia-nowe-3-pokojowe-ul-zrodlowa-31-CID3-ID1a5jpG.html?search_reason=search%7Corganic
Nowe inteligentne mieszkanie z garażem od zaraz2 200 zł,2 200 zł,https://www.otodom.pl/pl/oferta/nowe-inteligentne-mieszkanie-z-garazem-od-zaraz-ID4AF8M
Kawalerka Łódź Retkinia  | od 1 maja | 1150 zł + czynsz 350 zl1 150 zł,1 150 zł,https://www.olx.pl/d/oferta/kawalerka-lodz-retkinia-od-1-maja-1150-zl-czynsz-350-zl-CID3-ID19ZXYx.html?search_reason=search%7Corganic
"Mieszkanie 3-pokojowe, ul. Będzińska2 800 zł",2 800 zł,https://www.olx.pl/d/oferta/mieszkanie-3-pokojowe-ul-bedzinska-CID3-ID19Z4M6.html?search_reason=search%7Corganic
wyposażone blisko centrum blok 2021r1 900 zł,1 900 zł,https://www.otodom.pl/pl/oferta/wyposazone-blisko-centrum-blok-2021r-ID4B356
Wynajmę 2 pokoje z klimatyzacją1 900 zł,1 900 zł,https://www.olx.pl/d/oferta/wynajme-2-pokoje-z-klimatyzacja-CID3-ID19X5Vp.html?search_reason=search%7Corganic
Mieszkanie do wynajęcia1 659 zł,1 659 zł,https://www.olx.pl/d/oferta/mieszkanie-do-wynajecia-CID3-ID1akXiT.html?search_reason=search%7Corganic
Mieszkanie 3 samodzielne pokoje 62m2 Narutowicza UŁ Fabryczny NCŁ1 590 zł,1 590 zł,https://www.olx.pl/d/oferta/mieszkanie-3-samodzielne-pokoje-62m2-narutowicza-ul-fabryczny-ncl-CID3-ID19QW7d.html?search_reason=search%7Cpromoted
"Wynajmę nową, nowoczesną kawalerkę 29 m21 400 złdo negocjacji",1 400 złdo negocjacji,https://www.olx.pl/d/oferta/wynajme-nowa-nowoczesna-kawalerke-29-m2-CID3-ID19Sbjg.html?search_reason=search%7Cpromoted
Wynajmę mieszkanie1 200 zł,1 200 zł,https://www.olx.pl/d/oferta/wynajme-mieszkanie-CID3-ID175LeC.html?search_reason=search%7Cpromoted
Wyjątkowe Mieszkanie | Wysoki Standard | Tuwima1 950 zł,1 950 zł,https://www.otodom.pl/pl/oferta/wyjatkowe-mieszkanie-wysoki-standard-tuwima-ID4AoIe
Komfortowe mieszkanie dla singla lub pary1 500 zł,1 500 zł,https://www.otodom.pl/pl/oferta/komfortowe-mieszkanie-dla-singla-lub-pary-ID4yYZS
Mieszkanie na wynajem3 150 zł,3 150 zł,https://www.olx.pl/d/oferta/mieszkanie-na-wynajem-CID3-ID1agJ0k.html?search_reason=search%7Corganic
"Łódź- Górna| 16,67 m² | Kawalerka | 1piętro1 200 zł",1 200 zł,https://www.olx.pl/d/oferta/lodz-gorna-16-67-m-kawalerka-1pietro-CID3-ID1adlLU.html?search_reason=search%7Corganic
"Wynajme mieszkanie Łódź, łódź wynajem, łódź mieszkanie , górna2 700 zł",2 700 zł,https://www.olx.pl/d/oferta/wynajme-mieszkanie-lodz-lodz-wynajem-lodz-mieszkanie-gorna-CID3-ID10zjcB.html?search_reason=search%7Corganic
2 pokojowe mieszkanie dla pary2 200 zł,2 200 zł,https://www.otodom.pl/pl/oferta/2-pokojowe-mieszkanie-dla-pary-ID4nWBw
Wynajmę mieszkanie Lumumbowo   Osiedle Matejki1 000 zł,1 000 zł,https://www.olx.pl/d/oferta/wynajme-mieszkanie-lumumbowo-osiedle-matejki-CID3-ID13GiKF.html?search_reason=search%7Corganic
Nowe mieszkanie przy ul. Tymienieckiego3 400 zł,3 400 zł,https://www.olx.pl/d/oferta/nowe-mieszkanie-przy-ul-tymienieckiego-CID3-ID1a6zyJ.html?search_reason=search%7Corganic
2 pokoje 41m2 blisko UMED Akademii Muzycznej Manufaktura2 000 zł,2 000 zł,https://www.olx.pl/d/oferta/2-pokoje-41m2-blisko-umed-akademii-muzycznej-manufaktura-CID3-ID1a6T64.html?search_reason=search%7Corganic
Wynajem mieszkanie pokój800 zł,800 zł,https://www.olx.pl/d/oferta/wynajem-mieszkanie-pokoj-CID3-ID1abFJC.html?search_reason=search%7Corganic
Nowa kawalerka od zaraz w nowym apartamentowcu Maratońska 49C klimatyz1 850 zł,1 850 zł,https://www.olx.pl/d/oferta/nowa-kawalerka-od-zaraz-w-nowym-apartamentowcu-maratonska-49c-klimatyz-CID3-ID17aqNS.html?search_reason=search%7Cpromoted
Kawalerka na Złotnie z miejscem parkingowym1 350 zł,1 350 zł,https://www.olx.pl/d/oferta/kawalerka-na-zlotnie-z-miejscem-parkingowym-CID3-ID1afQhP.html?search_reason=search%7Cpromoted
Wynajmę mieszkanie w City Park2 700 zł,2 700 zł,https://www.olx.pl/d/oferta/wynajme-mieszkanie-w-city-park-CID3-ID17MRBm.html?search_reason=search%7Cpromoted
"Pabianicka 34, Górna, przytulna kawalerka, BRAK PROWIZJI1 260 zł",1 260 zł,https://www.olx.pl/d/oferta/pabianicka-34-gorna-przytulna-kawalerka-brak-prowizji-CID3-ID1alaqB.html?search_reason=search%7Corganic
"2-pok. mieszkanie do wynajęcia, Marynarska 16, Łódź, blisko Manufaktura, Rynek Bałucki1 850 zł",1 850 zł,https://www.olx.pl/d/oferta/2-pok-mieszkanie-do-wynajecia-marynarska-16-lodz-blisko-manufaktura-rynek-balucki-CID3-ID1a6Snt.html?search_reason=search%7Corganic
2 pokoje po remoncie | 39m2 | balkon | umeblowane | od zaraz | winda1 500 zł,1 500 zł,https://www.olx.pl/d/oferta/2-pokoje-po-remoncie-39m2-balkon-umeblowane-od-zaraz-winda-CID3-ID19ITcN.html?search_reason=search%7Corganic
Umeblowane mieszkanie 3 pokoje | 53 m² | Retkinia | Lokajskiego2 000 zł,2 000 zł,https://www.olx.pl/d/oferta/umeblowane-mieszkanie-3-pokoje-53-m-retkinia-lokajskiego-CID3-ID19EHW1.html?search_reason=search%7Corganic
"2-pokoje, Sienkiewicza, okolice Galerii Łodzkiej2 400 zł",2 400 zł,https://www.otodom.pl/pl/oferta/2-pokoje-sienkiewicza-okolice-galerii-lodzkiej-ID4e0QW
Komfortowe mieszkanie przy ul. Gospodarczej2 000 zł,2 000 zł,https://www.olx.pl/d/oferta/komfortowe-mieszkanie-przy-ul-gospodarczej-CID3-ID19vPjK.html?search_reason=search%7Corganic
Nowoczesne 2-pokojowe mieszkanie z balkonem w Łodzi1 900 zł,1 900 zł,https://www.otodom.pl/pl/oferta/nowoczesne-2-pokojowe-mieszkanie-z-balkonem-w-lodzi-ID4AMyQ.html
Mieszkanie na wynajem w centrum Lodzi2 100 zł,2 100 zł,https://www.olx.pl/d/oferta/mieszkanie-na-wynajem-w-centrum-lodzi-CID3-ID179BNt.html?search_reason=search%7Corganic
Wynajmę nowe mieszkanie 2-pokojowe z miejscem parkingowym blisko Manufaktury2 300 zł,2 300 zł,https://www.olx.pl/d/oferta/wynajme-nowe-mieszkanie-2-pokojowe-z-miejscem-parkingowym-blisko-manufaktury-CID3-ID1a9JAb.html?search_reason=search%7Corganic
Luksusowy Loft z widokiem na Piotrkowską – Nowoczesny design i prestiż3 000 zł,3 000 zł,https://www.otodom.pl/pl/oferta/luksusowy-loft-z-widokiem-na-piotrkowska-nowoczesny-design-i-prestiz-ID4AXzu
Mieszkanie do wynajęcia Łódź-Bałuty Doły1 300 zł,1 300 zł,https://www.olx.pl/d/oferta/mieszkanie-do-wynajecia-lodz-baluty-doly-CID3-ID1a64V1.html?search_reason=search%7Cpromoted
Kawalerka na wynajem1 250 zł,1 250 zł,https://www.olx.pl/d/oferta/kawalerka-na-wynajem-CID3-IDSnSai.html?search_reason=search%7Cpromoted
"Luksusowe 3 pokoje, 2 balkony, 70m2, Garaż w cenie, naprzeciw Manu4 400 zł",4 400 zł,https://www.otodom.pl/pl/oferta/luksusowe-3-pokoje-2-balkony-70m2-garaz-w-cenie-naprzeciw-manu-ID4lsKw
52 m² z klimatyzacją i tarasem – ul. Obywatelska2 300 zł,2 300 zł,https://www.olx.pl/d/oferta/52-m-z-klimatyzacja-i-tarasem-ul-obywatelska-CID3-ID1akanB.html?search_reason=search%7Corganic
Mieszkanie na wynajem ul. Tatrzańska1 300 zł,1 300 zł,https://www.olx.pl/d/oferta/mieszkanie-na-wynajem-ul-tatrzanska-CID3-ID1ajJbx.html?search_reason=search%7Corganic
Nowoczesne Mieszkanie z balkonem2 200 zł,2 200 zł,https://www.olx.pl/d/oferta/nowoczesne-mieszkanie-z-balkonem-CID3-ID1al5IE.html?search_reason=search%7Corganic
"Mieszkanie,  kawalerka 31 m. do wynajęcia 1300+700zł1 300 zł",1 300 zł,https://www.olx.pl/d/oferta/mieszkanie-kawalerka-31m-do-wynajecia-1300-700zl-CID3-ID19kf7L.html?search_reason=search%7Corganic
"Komfortowe  2 pokojowe  mieszkanie,  Barciński Park, ul Tylna2 550 zł",2 550 zł,https://www.otodom.pl/pl/oferta/komfortowe-2-pokojowe-mieszkanie-barcinski-park-ul-tylna-ID4ARK3
Mieszkanie na wynajem Nawrot 48 / dostępne od 1 Czerwca2 100 zł,2 100 zł,https://www.olx.pl/d/oferta/mieszkanie-na-wynajem-nawrot-48-dostepne-od-1-czerwca-CID3-ID1a6Fc6.html?search_reason=search%7Corganic
Pokój na wynajem w centrum Łodzi przy ul. Kopernika 25800 zł,800 zł,https://www.otodom.pl/pl/oferta/pokoj-na-wynajem-w-centrum-lodzi-przy-ul-kopernika-25-ID4yk4V.html
nieruchomości najem2 500 zł,2 500 zł,https://www.olx.pl/d/oferta/nieruchomosci-najem-CID3-ID1a0D1P.html?search_reason=search%7Corganic
M3 z balkonem i osobną kuchnią obok Parku Handlowego i fitness Dąbrowa1 590 zł,1 590 zł,https://www.otodom.pl/pl/oferta/m3-z-balkonem-i-osobna-kuchnia-obok-parku-handlowego-i-fitness-dabrowa-ID4ARZJ
Wynajmę kawalerke w Centrum Łodzi1 900 zł,1 900 zł,https://www.olx.pl/d/oferta/wynajme-kawalerke-w-centrum-lodzi-CID3-ID19O5wf.html?search_reason=search%7Corganic
Duże przestronne mieszkanie na Chojnach1 800 zł,1 800 zł,https://www.olx.pl/d/oferta/duze-przestronne-mieszkanie-na-chojnach-CID3-ID196b2H.html?search_reason=search%7Cpromoted
Wynajem kawalerki1 300 zł,1 300 zł,https://www.olx.pl/d/oferta/wynajem-kawalerki-CID3-IDWLJhQ.html?search_reason=search%7Cpromoted
"mieszkanie 1 pokojowe, duża kawalerka, ul. Piotrkowska 182, Manhattan1 500 zł",1 500 zł,https://www.olx.pl/d/oferta/mieszkanie-1-pokojowe-duza-kawalerka-ul-piotrkowska-182-manhattan-CID3-ID17V7th.html?search_reason=search%7Cpromoted
Wynajmę mieszkanie ul. Pogonowskiego 732 500 zł,2 500 zł,https://www.olx.pl/d/oferta/wynajme-mieszkanie-ul-pogonowskiego-73-CID3-ID183Wo8.html?search_reason=search%7Corganic
Wynajmę dwupokojowe mieszkanie Śródmieście Kamińskiego 47m2 po remoncie2 300 zł,2 300 zł,https://www.olx.pl/d/oferta/wynajme-dwupokojowe-mieszkanie-srodmiescie-kaminskiego-47m2-po-remoncie-CID3-ID1ajztK.html?search_reason=search%7Corganic
Zadbane 3 pokoje 50 mkw balkon blok z cegły Górna1 800 zł,1 800 zł,https://www.otodom.pl/pl/oferta/zadbane-3-pokoje-50-mkw-balkon-blok-z-cegly-gorna-ID4Ak6T
Apartamenty Arte - 2 sypialnie2 600 zł,2 600 zł,https://www.otodom.pl/pl/oferta/apartamenty-arte-2-sypialnie-ID4AjoD
Przestronna Kawalerka | Bez Prowizji | Pets Friendly | Od Zaraz | Kilińskiego1 550 zł,1 550 zł,https://www.olx.pl/d/oferta/przestronna-kawalerka-bez-prowizji-pets-friendly-od-zaraz-kilinskiego-CID3-ID1a6wiv.html?search_reason=search%7Corganic
"Stylowa kawalerka 37m2-nowe budownictwo,wysoki standart, przestronny balkon w bryle budynku2 000 zł",2 000 zł,https://www.olx.pl/d/oferta/stylowa-kawalerka-37m2-nowe-budownictwo-wysoki-standart-przestronny-balkon-w-bryle-budynku-CID3-ID1a95AR.html?search_reason=search%7Corganic
Atrakcyjne mieszkanie 95m2 do wynajęcia ul.Piotrkowska 1142 500 zł,2 500 zł,https://www.olx.pl/d/oferta/atrakcyjne-mieszkanie-95m2-do-wynajecia-ul-piotrkowska-114-CID3-ID17wZIF.html?search_reason=search%7Corganic
"Mieszkanie 37 m² – Łódź, ul. Dębowa 12 400 zł",2 400 zł,https://www.olx.pl/d/oferta/mieszkanie-37-m-lodz-ul-debowa-1-CID3-ID193hYG.html?search_reason=search%7Corganic
Kawalerka ul. Kilińskiego 47  | UMED UŁ CENTRUM1 000 zł,1 000 zł,https://www.otodom.pl/pl/oferta/kawalerka-ul-kilinskiego-47-umed-ul-centrum-ID4xfFK
Mieszkanie na wynajem Łódź Teofilów1 600 zł,1 600 zł,https://www.olx.pl/d/oferta/mieszkanie-na-wynajem-lodz-teofilow-CID3-ID1a8ISI.html?search_reason=search%7Corganic
(39) Wynajmę kawalerkę internet w cenie - 7 dni gratis1 300 zł,1 300 zł,https://www.olx.pl/d/oferta/39-wynajme-kawalerke-internet-w-cenie-7-dni-gratis-CID3-ID19mayb.html?search_reason=search%7Cpromoted
"Do wynajecia nowe 2pokoje Bałuty, okolice Ronda Solidarności2 100 zł",2 100 zł,https://www.olx.pl/d/oferta/do-wynajecia-nowe-2pokoje-baluty-okolice-ronda-solidarnosci-CID3-ID1abmXC.html?search_reason=search%7Cpromoted
Kawalerka 32m2 Łódź Karolew BEZ PROWIZJI po gen. remoncie KLIMA1 900 zł,1 900 zł,https://www.olx.pl/d/oferta/kawalerka-32m2-lodz-karolew-bez-prowizji-po-gen-remoncie-klima-CID3-ID1af7Pc.html?search_reason=search%7Cpromoted
"Wynajmę nową, nowoczesną kawalerkę 29 m21 400 złdo negocjacji",1 400 złdo negocjacji,https://www.olx.pl/d/oferta/wynajme-nowa-nowoczesna-kawalerke-29-m2-CID3-ID19Sbjg.html?search_reason=search%7Corganic
"Wynajmę nowe mieszkanie 60 m2, 3 pokoje, parter4 200 zł",4 200 zł,https://www.otodom.pl/pl/oferta/wynajme-nowe-mieszkanie-60-m2-3-pokoje-parter-ID4ryI9
"Do wynajęcia duże mieszkanie w centrum Łodzi ul. 6 Sierpnia.3 291,86 zł","3 291,86 zł",https://www.otodom.pl/pl/oferta/do-wynajecia-duze-mieszkanie-w-centrum-lodzi-ul-6-sierpnia-ID4AxHF.html
"Kawalerka, 25 m, przy Uniwersytecie Medycznym1 400 złdo negocjacji",1 400 złdo negocjacji,https://www.olx.pl/d/oferta/kawalerka-25-m-przy-uniwersytecie-medycznym-CID3-ID1agY9C.html?search_reason=search%7Corganic
Stylowe studio przy ul. Drewnowskiej1 950 zł,1 950 zł,https://www.olx.pl/d/oferta/stylowe-studio-przy-ul-drewnowskiej-CID3-ID1a1Fx9.html?search_reason=search%7Corganic
Apartament 135 m2 z garażem i tarasem Radogoszcz4 500 zł,4 500 zł,https://www.otodom.pl/pl/oferta/apartament-135-m2-z-garazem-i-tarasem-radogoszcz-ID4B2Hb
Kawalerka z dużym balkonem1 450 zł,1 450 zł,https://www.olx.pl/d/oferta/kawalerka-z-duzym-balkonem-CID3-ID1a6aUR.html?search_reason=search%7Corganic
"Ładna kawalerka, Abramowskiego 27, blisko PŁ, Centrum1 250 zł",1 250 zł,https://www.olx.pl/d/oferta/ladna-kawalerka-abramowskiego-27-blisko-pl-centrum-CID3-ID1a1wbg.html?search_reason=search%7Corganic
Apartament Mieszkanie do wynajęcia Tylna Barciński3 400 zł,3 400 zł,https://www.otodom.pl/pl/oferta/apartament-mieszkanie-do-wynajecia-tylna-barcinski-ID4locH
Jak to mowią prawdziwi starzy górale „pzyjdź i zakochoj się na zabój” na Pabianickiej 4/121 550 zł,1 550 zł,https://www.olx.pl/d/oferta/jak-to-mowia-prawdziwi-starzy-gorale-pzyjdz-i-zakochoj-sie-na-zaboj-na-pabianickiej-4-12-CID3-ID1agQx0.html?search_reason=search%7Cpromoted
Wynajmę nowa  kawalerkę Wysoka 24 Łódź1 800 zł,1 800 zł,https://www.olx.pl/d/oferta/wynajme-nowa-kawalerke-wysoka-24-lodz-CID3-ID1a8kyK.html?search_reason=search%7Cpromoted
"Łódź, Polesie, przestronna kawalerka z dodatkową garderobą1 400 zł",1 400 zł,https://www.olx.pl/d/oferta/lodz-polesie-przestronna-kawalerka-z-dodatkowa-garderoba-CID3-ID19ldgL.html?search_reason=search%7Cpromoted
Kawalerka Śródmiescie Nowy Blok!!!1 999 zł,1 999 zł,https://www.otodom.pl/pl/oferta/kawalerka-srodmiescie-nowy-blok-ID4ANaV.html
kawalerka na wynajem1 500 zł,1 500 zł,https://www.otodom.pl/pl/oferta/kawalerka-na-wynajem-ID4pmmE
Łódź Stoki 2 pokoje wynajem1 200 zł,1 200 zł,https://www.otodom.pl/pl/oferta/lodz-stoki-2-pokoje-wynajem-ID4B1kP
"Przestronna kawalerka 28m ul. Paderewskiego, bezpośrednio, umeblowana1 690 zł",1 690 zł,https://www.olx.pl/d/oferta/przestronna-kawalerka-28m-ul-paderewskiego-bezposrednio-umeblowana-CID3-ID17nCZf.html?search_reason=search%7Corganic
"Kawalerka 29m, centrum, os. Diasfera, super standard, bezpośrednio2 090 zł",2 090 zł,https://www.olx.pl/d/oferta/kawalerka-29m-centrum-os-diasfera-super-standard-bezposrednio-CID3-ID19rCpP.html?search_reason=search%7Corganic
Do wynajęcia trzypokojowe mieszkanie w apartamentowcu przy ul. Matejki 11.2 700 zł,2 700 zł,https://www.olx.pl/d/oferta/do-wynajecia-trzypokojowe-mieszkanie-w-apartamentowcu-przy-ul-matejki-11-CID3-ID1afO55.html?search_reason=search%7Corganic
"Nowoczesne 2 pokoje z balkonem, Łukasińskiego, Łódź2 300 zł",2 300 zł,https://www.otodom.pl/pl/oferta/nowoczesne-2-pokoje-z-balkonem-lukasinskiego-lodz-ID4APsi.html
"Mielczarskiego 16, Centrum, funkcjonalne studio, BRAK PROWIZJI1 300 zł",1 300 zł,https://www.olx.pl/d/oferta/mielczarskiego-16-centrum-funkcjonalne-studio-brak-prowizji-CID3-ID1alaLU.html?search_reason=search%7Corganic
Bezpośrednio mieszkanie z osobną sypialnią - Kilińskiego 161 700 zł,1 700 zł,https://www.olx.pl/d/oferta/bezposrednio-mieszkanie-z-osobna-sypialnia-kilinskiego-16-CID3-ID1a3IIo.html?search_reason=search%7Corganic
Żeligowskiego 26 - komfortowe mieszkanie z sypialnią do wynajęcia1 950 zł,1 950 zł,https://www.olx.pl/d/oferta/zeligowskiego-26-komfortowe-mieszkanie-z-sypialnia-do-wynajecia-CID3-ID1akbk2.html?search_reason=search%7Corganic
Mieszkanie z parkingiem w cenie2 700 zł,2 700 zł,https://www.olx.pl/d/oferta/mieszkanie-z-parkingiem-w-cenie-CID3-ID1afLoj.html?search_reason=search%7Cpromoted
Wynajmę 2 pokojowe mieszkanie w bloku w dzielnicy Łódź-Górna1 500 zł,1 500 zł,https://www.olx.pl/d/oferta/wynajme-2-pokojowe-mieszkanie-w-bloku-w-dzielnicy-lodz-gorna-CID3-ID1affrA.html?search_reason=search%7Cpromoted
Atrakcyjna kawalerka do wynajęcia1 500 zł,1 500 zł,https://www.olx.pl/d/oferta/atrakcyjna-kawalerka-do-wynajecia-CID3-ID1afWkI.html?search_reason=search%7Cpromoted
Przestronny apartament w inwestycji Primo2 800 zł,2 800 zł,https://www.olx.pl/d/oferta/przestronny-apartament-w-inwestycji-primo-CID3-ID1aa4Xy.html?search_reason=search%7Corganic
Dwupokojowe mieszkanie 51 m2 - ul. Zagłoby Janów2 200 zł,2 200 zł,https://www.olx.pl/d/oferta/dwupokojowe-mieszkanie-51-m2-ul-zagloby-janow-CID3-ID18BKQE.html?search_reason=search%7Corganic
Pięknie urządzony przy ul. 6 Sierpnia2 800 zł,2 800 zł,https://www.olx.pl/d/oferta/pieknie-urzadzony-przy-ul-6-sierpnia-CID3-ID19HPG7.html?search_reason=search%7Corganic
Wynajem  Kawalerka1 600 zł,1 600 zł,https://www.olx.pl/d/oferta/wynajem-kawalerka-CID3-ID16TcbL.html?search_reason=search%7Corganic
Nowe Mieszkanie do wynajęcia w Centrum Łodzi2 300 zł,2 300 zł,https://www.olx.pl/d/oferta/nowe-mieszkanie-do-wynajecia-w-centrum-lodzi-CID3-ID1983fd.html?search_reason=search%7Corganic
Przytulne mieszkanie Dąbrowa1 500 zł,1 500 zł,https://www.olx.pl/d/oferta/przytulne-mieszkanie-dabrowa-CID3-ID1a1QVM.html?search_reason=search%7Corganic
Wynajem kawalerki1 300 zł,1 300 zł,https://www.olx.pl/d/oferta/wynajem-kawalerki-CID3-IDWLJhQ.html?search_reason=search%7Corganic
Przytulna kawalerka na wynajem - Przędzalniana1 400 zł,1 400 zł,https://www.olx.pl/d/oferta/przytulna-kawalerka-na-wynajem-przedzalniana-CID3-ID1a5vMx.html?search_reason=search%7Corganic
"Łódź, Retkinia: Wynajmę 2-pokojowe mieszkanie w świetnej lokalizacji1 900 zł",1 900 zł,https://www.olx.pl/d/oferta/lodz-retkinia-wynajme-2-pokojowe-mieszkanie-w-swietnej-lokalizacji-CID3-ID19JAlf.html?search_reason=search%7Corganic
Nowoczesne mieszkanie dwupokojowe Łódź Górna z miejscem parkingowym2 890 zł,2 890 zł,https://www.olx.pl/d/oferta/nowoczesne-mieszkanie-dwupokojowe-lodz-gorna-z-miejscem-parkingowym-CID3-ID18LAFV.html?search_reason=search%7Corganic
Wynajmę mieszkanie ok 40 m  ul.6 Sierpnia Łódź2 600 zł,2 600 zł,https://www.olx.pl/d/oferta/wynajme-mieszkanie-ok-40-m-ul-6-sierpnia-lodz-CID3-ID1afV1N.html?search_reason=search%7Cpromoted
"Wynajmę Nowe Mieszkanie plus Garaż, 2 pokoje, ul. Telefoniczna, Łódź2 490 złdo negocjacji",2 490 złdo negocjacji,https://www.olx.pl/d/oferta/wynajme-nowe-mieszkanie-plus-garaz-2-pokoje-ul-telefoniczna-lodz-CID3-ID19KjJE.html?search_reason=search%7Cpromoted
Górniak | 22 m² | ul. Stocka | OD ZARAZ | 0% prowizji1 500 zł,1 500 zł,https://www.otodom.pl/pl/oferta/gorniak-22-m-ul-stocka-od-zaraz-0-prowizji-ID4AJHU.html
Do wynajęcia kawalerka z wydzieloną sypialnią w apartamentowcu przy ul. Matejki 11.2 000 zł,2 000 zł,https://www.olx.pl/d/oferta/do-wynajecia-kawalerka-z-wydzielona-sypialnia-w-apartamentowcu-przy-ul-matejki-11-CID3-ID1afNTw.html?search_reason=search%7Corganic
Kawalerka oś Wielkopolska I piętro1 490 zł,1 490 zł,https://www.olx.pl/d/oferta/kawalerka-os-wielkopolska-i-pietro-CID3-ID1a5cqb.html?search_reason=search%7Corganic
Retkinie 2 pokoje od zaraz ul. Rajdowa1 700 zł,1 700 zł,https://www.otodom.pl/pl/oferta/retkinie-2-pokoje-od-zaraz-ul-rajdowa-ID4amgP.html
Kawalerka ze strefą sypialniana i siłownią dla mieszkańców1 240 zł,1 240 zł,https://www.olx.pl/d/oferta/kawalerka-ze-strefa-sypialniana-i-silownia-dla-mieszkancow-CID3-ID1aarDd.html?search_reason=search%7Corganic
"ENG/UA Kawalerka dla 1 os. z antresolą, Manufaktura AMUZ UMED UŁ.1 250 zł",1 250 zł,https://www.olx.pl/d/oferta/eng-ua-kawalerka-dla-1-os-z-antresola-manufaktura-amuz-umed-ul-CID3-ID17JvPt.html?search_reason=search%7Corganic
(14) Wynajmę kawalerkę - bezpośrednio - Wysoka 261 400 zł,1 400 zł,https://www.olx.pl/d/oferta/14-wynajme-kawalerke-bezposrednio-wysoka-26-CID3-ID1a8eHG.html?search_reason=search%7Corganic
Wynajem mieszkania - 2 pokoje — Wolne od 1 MAJA —1 800 złdo negocjacji,1 800 złdo negocjacji,https://www.olx.pl/d/oferta/wynajem-mieszkania-2-pokoje-wolne-od-1-maja-CID3-ID19T6af.html?search_reason=search%7Corganic
Do wynajęcia kawalerka przy ul. Kilińskiego 138. Mieszkanie dostępne od 1 maja.2 000 zł,2 000 zł,https://www.olx.pl/d/oferta/do-wynajecia-kawalerka-przy-ul-kilinskiego-138-mieszkanie-dostepne-od-1-maja-CID3-ID1aiot0.html?search_reason=search%7Corganic
Nowoczesne studio przy ul. Targowej1 800 zł,1 800 zł,https://www.olx.pl/d/oferta/nowoczesne-studio-przy-ul-targowej-CID3-ID1a3u30.html?search_reason=search%7Corganic
WYNAJMĘ kawalerkę ulica Codzienna 22 100 zł,2 100 zł,https://www.olx.pl/d/oferta/wynajme-kawalerke-ulica-codzienna-2-CID3-ID17JktS.html?search_reason=search%7Corganic
Piękna kawalerka po remoncie przy Łódź Fabryczna1 700 zł,1 700 zł,https://www.otodom.pl/pl/oferta/piekna-kawalerka-po-remoncie-przy-lodz-fabryczna-ID4qCAz
Wynajmę Studio kawalerka ul. Kopernika 45 Speak Eng1 200 zł,1 200 zł,https://www.olx.pl/d/oferta/wynajme-studio-kawalerka-ul-kopernika-45-speak-eng-CID3-ID19VdKp.html?search_reason=search%7Cpromoted
Wynajmę kawalerkę Łódź Polesie ulica Wioślarska1 300 zł,1 300 zł,https://www.olx.pl/d/oferta/wynajme-kawalerke-lodz-polesie-ulica-wioslarska-CID3-ID1ahzRZ.html?search_reason=search%7Cpromoted
"Nowe mieszanie do wynajmu  w apartamentowcu Argentum, miejsce w garażu2 300 zł",2 300 zł,https://www.olx.pl/d/oferta/nowe-mieszanie-do-wynajmu-w-apartamentowcu-argentum-miejsce-w-garazu-CID3-ID1aarH9.html?search_reason=search%7Corganic
"Śródmieście, ul. 6 Sierpnia 37, 2 pokoje, 34 m2, kamienica po remoncie1 975 zł",1 975 zł,https://www.olx.pl/d/oferta/srodmiescie-ul-6-sierpnia-37-2-pokoje-34-m2-kamienica-po-remoncie-CID3-ID19YYXT.html?search_reason=search%7Corganic
Piękno i praktyczne wyposażenie idą razem w parze na Żeligowskiego 42/49a1 600 zł,1 600 zł,https://www.olx.pl/d/oferta/piekno-i-praktyczne-wyposazenie-ida-razem-w-parze-na-zeligowskiego-42-49a-CID3-ID1agQPR.html?search_reason=search%7Corganic
Kawalerka z ogrodem Top Lokalizacja1 700 zł,1 700 zł,https://www.olx.pl/d/oferta/kawalerka-z-ogrodem-top-lokalizacja-CID3-ID1adzQS.html?search_reason=search%7Corganic
Ponownie do wynajęcia tuż przy DWORCU FABRYCZNYM1 500 zł,1 500 zł,https://www.otodom.pl/pl/oferta/ponownie-do-wynajecia-tuz-przy-dworcu-fabrycznym-ID4bOjM.html
Przestronny apartament przy ul. Okopowej3 200 zł,3 200 zł,https://www.olx.pl/d/oferta/przestronny-apartament-przy-ul-okopowej-CID3-ID1ai5x7.html?search_reason=search%7Corganic
4 pokojowe mieszkanie na zielonym Radogoszczu Wschodzie2 800 zł,2 800 zł,https://www.otodom.pl/pl/oferta/4-pokojowe-mieszkanie-na-zielonym-radogoszczu-wschodzie-ID4xP1a.html
"Komfortowe mieszkanie Janów, Olechów ul. Bauma2 900 zł",2 900 zł,https://www.olx.pl/d/oferta/komfortowe-mieszkanie-janow-olechow-ul-bauma-CID3-ID1a4P1P.html?search_reason=search%7Corganic
Do wynajęcia dwupokojowe mieszkanie przy ul. Kilińskiego 138.2 600 zł,2 600 zł,https://www.olx.pl/d/oferta/do-wynajecia-dwupokojowe-mieszkanie-przy-ul-kilinskiego-138-CID3-ID1afPif.html?search_reason=search%7Corganic
